{
	"temperature": 0.25,
	"downfall": 0,
	"has_precipitation": false,
	"effects": {
		"sky_color": 6269917,
		"fog_color": 12638463,
		"water_color": 6388580,
		"water_fog_color": 2302743,
		"grass_color": 16765810,
		"foliage_color": 16765788,
		"mood_sound": {
			"sound": "minecraft:ambient.cave",
			"tick_delay": 6000,
			"block_search_extent": 8,
			"offset": 2
		},
		"music": {
			"sound": "minecraft:music.overworld.badlands",
			"min_delay": 12000,
			"max_delay": 24000,
			"replace_current_music": false
		}
	},
	"spawners": {
		"ambient": [
			{
				"type": "minecraft:bat",
				"weight": 10,
				"minCount": 8,
				"maxCount": 8
			}
		],
		"axolotls": [],
		"creature": [],
		"misc": [],
		"monster": [
			{
				"type": "minecraft:spider",
				"weight": 100,
				"minCount": 4,
				"maxCount": 4
			},
			{
				"type": "minecraft:zombie",
				"weight": 95,
				"minCount": 4,
				"maxCount": 4
			},
			{
				"type": "minecraft:zombie_villager",
				"weight": 5,
				"minCount": 1,
				"maxCount": 1
			},
			{
				"type": "minecraft:skeleton",
				"weight": 100,
				"minCount": 4,
				"maxCount": 4
			},
			{
				"type": "minecraft:creeper",
				"weight": 100,
				"minCount": 4,
				"maxCount": 4
			},
			{
				"type": "minecraft:slime",
				"weight": 100,
				"minCount": 4,
				"maxCount": 4
			},
			{
				"type": "minecraft:enderman",
				"weight": 10,
				"minCount": 1,
				"maxCount": 4
			},
			{
				"type": "minecraft:witch",
				"weight": 5,
				"minCount": 1,
				"maxCount": 1
			}
		],
		"underground_water_creature": [
			{
				"type": "minecraft:glow_squid",
				"weight": 10,
				"minCount": 4,
				"maxCount": 6
			}
		],
		"water_ambient": [],
		"water_creature": []
	},
	"spawn_costs": { },
	"carvers": {
		"air": [
			"minecraft:cave",
			"minecraft:cave_extra_underground",
			"minecraft:canyon"
		]
	},
	"features": [
		[
			"wythers:terrain/extended/red_sand",
			"wythers:terrain/local/badlands_plateau_red_sand",
			"wythers:terrain/local/badlands_replace_some_red_sand_to_grass_block",
			"wythers:terrain/local/badlands_replace_most_red_sand_to_grass_block"
		],
		[
			"minecraft:lake_lava_underground",
			"wythers:terrain/feature/lake_salt"
		],
		[
			"minecraft:amethyst_geode",
			"wythers:terrain/extended/terracotify_rooted_dirt"
		],
		[
			"minecraft:monster_room",
			"minecraft:monster_room_deep"
		],
		[],
		[],
		[
			"minecraft:ore_dirt",
			"minecraft:ore_gravel",
			"minecraft:ore_granite_upper",
			"minecraft:ore_granite_lower",
			"minecraft:ore_diorite_upper",
			"minecraft:ore_diorite_lower",
			"minecraft:ore_andesite_upper",
			"minecraft:ore_andesite_lower",
			"minecraft:ore_tuff",
			"minecraft:ore_coal_upper",
			"minecraft:ore_coal_lower",
			"minecraft:ore_iron_upper",
			"minecraft:ore_iron_middle",
			"minecraft:ore_iron_small",
			"minecraft:ore_gold",
			"minecraft:ore_gold_lower",
			"minecraft:ore_redstone",
			"minecraft:ore_redstone_lower",
			"minecraft:ore_diamond",
			"minecraft:ore_diamond_large",
			"minecraft:ore_diamond_buried",
			"minecraft:ore_lapis",
			"minecraft:ore_lapis_buried",
			"minecraft:ore_copper",
			"minecraft:underwater_magma",
			"minecraft:ore_gold_extra",
			"minecraft:disk_sand",
			"minecraft:disk_clay",
			"minecraft:disk_gravel"
		],
		[],
		[
			"minecraft:spring_water",
			"minecraft:spring_lava"
		],
		[
			"minecraft:glow_lichen",
			"wythers:vegetation/local/trees/pine_mesa",
			"wythers:vegetation/extended/trees/oak_badlands",
			"wythers:vegetation/local/patch/grass_badlands",
			"wythers:vegetation/local/patch/grass_standard",
			"minecraft:patch_dead_bush_badlands",
			"minecraft:brown_mushroom_normal",
			"minecraft:red_mushroom_normal",
			"minecraft:patch_sugar_cane_badlands",
			"minecraft:patch_pumpkin",
			"wythers:vegetation/local/patch/saguaros"
		],
		[
			"minecraft:freeze_top_layer",
			"wythers:terrain/local/badlands_snow_blocks",
			"wythers:vegetation/local/patch/flower_badlands",
			"wythers:vegetation/local/patch/berries_badlands",
			"wythers:decor/badlands",
			"wythers:terrain/local/crust_salt",
			"wythers:terrain/local/crust_packed_mud"
		]
	]
}