{
	"temperature": 0.5,
	"downfall": 0.8,
	"has_precipitation": true,
	"effects": {
		"sky_color": 8103167,
		"fog_color": 12638463,
		"water_color": 4445678,
		"water_fog_color": 270131,
		"grass_color": 11983713,
		"foliage_color": 11012890,
		"mood_sound": {
			"sound": "minecraft:ambient.cave",
			"tick_delay": 6000,
			"block_search_extent": 8,
			"offset": 2
		},
		"music": {
			"sound": "minecraft:music.overworld.cherry_grove",
			"min_delay": 12000,
			"max_delay": 24000,
			"replace_current_music": false
		}
	},
	"spawners": {
		"ambient": [
			{
				"type": "minecraft:bat",
				"weight": 10,
				"minCount": 8,
				"maxCount": 8
			}
		],
		"axolotls": [],
		"creature": [
			{
				"type": "minecraft:rabbit",
				"weight": 4,
				"minCount": 2,
				"maxCount": 6
			},
			{
				"type": "minecraft:sheep",
				"weight": 2,
				"minCount": 2,
				"maxCount": 4
			},
			{
				"type": "minecraft:fox",
				"weight": 2,
				"minCount": 2,
				"maxCount": 4
			},
			{
				"type": "minecraft:panda",
				"maxCount": 2,
				"minCount": 1,
				"weight": 4
			}
		],
		"misc": [],
		"monster": [
			{
				"type": "minecraft:spider",
				"weight": 100,
				"minCount": 4,
				"maxCount": 4
			},
			{
				"type": "minecraft:zombie",
				"weight": 95,
				"minCount": 4,
				"maxCount": 4
			},
			{
				"type": "minecraft:zombie_villager",
				"weight": 5,
				"minCount": 1,
				"maxCount": 1
			},
			{
				"type": "minecraft:skeleton",
				"weight": 100,
				"minCount": 4,
				"maxCount": 4
			},
			{
				"type": "minecraft:creeper",
				"weight": 100,
				"minCount": 4,
				"maxCount": 4
			},
			{
				"type": "minecraft:slime",
				"weight": 100,
				"minCount": 4,
				"maxCount": 4
			},
			{
				"type": "minecraft:enderman",
				"weight": 10,
				"minCount": 1,
				"maxCount": 4
			},
			{
				"type": "minecraft:witch",
				"weight": 5,
				"minCount": 1,
				"maxCount": 1
			}
		],
		"underground_water_creature": [
			{
				"type": "minecraft:glow_squid",
				"weight": 10,
				"minCount": 4,
				"maxCount": 6
			}
		],
		"water_ambient": [],
		"water_creature": []
	},
	"spawn_costs": { },
	"carvers": {
		"air": [
			"minecraft:cave",
			"minecraft:cave_extra_underground",
			"minecraft:canyon"
		]
	},
	"features": [
		[
			"wythers:terrain/local/cherry_pools",
			"wythers:terrain/extended/onsen_calcite",
			"wythers:terrain/extended/onsen_deepslate",
			"wythers:terrain/extended/onsen_pools",
			"wythers:terrain/local/cherry_pools_edge",
			"wythers:road/cherry_grove",
			"wythers:terrain/extended/replace_stone_to_andesite"
		],
		[
			"minecraft:lake_lava_underground",
			"minecraft:lake_lava_surface"
		],
		[
			"minecraft:amethyst_geode"
		],
		[
			"minecraft:monster_room",
			"minecraft:monster_room_deep"
		],
		[],
		[],
		[
			"minecraft:ore_dirt",
			"minecraft:ore_gravel",
			"minecraft:ore_granite_upper",
			"minecraft:ore_granite_lower",
			"minecraft:ore_diorite_upper",
			"minecraft:ore_diorite_lower",
			"minecraft:ore_andesite_upper",
			"minecraft:ore_andesite_lower",
			"minecraft:ore_tuff",
			"minecraft:ore_coal_upper",
			"minecraft:ore_coal_lower",
			"minecraft:ore_iron_upper",
			"minecraft:ore_iron_middle",
			"minecraft:ore_iron_small",
			"minecraft:ore_gold",
			"minecraft:ore_gold_lower",
			"minecraft:ore_redstone",
			"minecraft:ore_redstone_lower",
			"minecraft:ore_diamond",
			"minecraft:ore_diamond_large",
			"minecraft:ore_diamond_buried",
			"minecraft:ore_lapis",
			"minecraft:ore_lapis_buried",
			"minecraft:ore_copper",
			"minecraft:underwater_magma",
			"minecraft:disk_sand",
			"minecraft:disk_clay",
			"minecraft:disk_gravel",
			"minecraft:ore_emerald"
		],
		[
			"minecraft:ore_infested"
		],
		[
			"minecraft:spring_water",
			"minecraft:spring_lava"
		],
		[
			"minecraft:glow_lichen",
			"wythers:farm/paddy_cane",
			"wythers:vegetation/local/patch/flower_peony",
			"minecraft:patch_tall_grass_2",
			"minecraft:patch_grass_plain",
			"wythers:vegetation/local/patch/waterlily_dense",
			"wythers:vegetation/local/patch/flower_cherry",
			"wythers:vegetation/local/trees/cherry",
			"wythers:vegetation/local/trees/cherry_maple",
			"wythers:vegetation/local/trees/cherry_huangshan_pine",
			"wythers:vegetation/extended/trees/cherry_maple_snowy",
			"wythers:vegetation/extended/trees/cherry_huangshan_pine_snowy",
			"wythers:vegetation/local/trees/cherry_pools",
			"wythers:vegetation/local/patch/elephant_bamboo_cherry"
		],
		[
			"minecraft:freeze_top_layer"
		]
	]
}