{
  "fallback": "minecraft:empty",
  "elements": [
    {
      "weight": 1,
      "element": {
        "element_type": "minecraft:single_pool_element",
        "location": "cavernous:village/lush/center_ruin",
        "projection": "rigid",
        "processors": "cavernous:lush_village"
      }
    },
    {
      "weight": 1,
      "element": {
        "element_type": "minecraft:single_pool_element",
        "location": "cavernous:village/lush/center_well",
        "projection": "rigid",
        "processors": "cavernous:lush_village"
      }
    }
  ]
}