{
    "texture": {
        "width": 64,
        "height": 64
    },
    "bones": {
        "head": {
            "transform": {
                "origin": [
                    0.0,
                    1.0,
                    0.0
                ]
            },
            "cuboids": [
                {
                    "uv": [
                        0.0,
                        0.0
                    ],
                    "offset": [
                        -1.0,
                        -7.0,
                        -1.0
                    ],
                    "dimensions": [
                        2.0,
                        7.0,
                        2.0
                    ]
                }
            ]
        },
        "left_body_stick": {
            "cuboids": [
                {
                    "uv": [
                        48.0,
                        16.0
                    ],
                    "offset": [
                        1.0,
                        3.0,
                        -1.0
                    ],
                    "dimensions": [
                        2.0,
                        7.0,
                        2.0
                    ]
                }
            ]
        },
        "right_arm": {
            "transform": {
                "origin": [
                    -5.0,
                    2.0,
                    0.0
                ]
            },
            "cuboids": [
                {
                    "uv": [
                        24.0,
                        0.0
                    ],
                    "offset": [
                        -2.0,
                        -2.0,
                        -1.0
                    ],
                    "dimensions": [
                        2.0,
                        12.0,
                        2.0
                    ]
                }
            ]
        },
        "left_leg": {
            "transform": {
                "origin": [
                    1.9,
                    12.0,
                    0.0
                ]
            },
            "cuboids": [
                {
                    "mirror": true,
                    "uv": [
                        40.0,
                        16.0
                    ],
                    "offset": [
                        -1.0,
                        0.0,
                        -1.0
                    ],
                    "dimensions": [
                        2.0,
                        11.0,
                        2.0
                    ]
                }
            ]
        },
        "left_arm": {
            "transform": {
                "origin": [
                    5.0,
                    2.0,
                    0.0
                ]
            },
            "cuboids": [
                {
                    "mirror": true,
                    "uv": [
                        32.0,
                        16.0
                    ],
                    "offset": [
                        0.0,
                        -2.0,
                        -1.0
                    ],
                    "dimensions": [
                        2.0,
                        12.0,
                        2.0
                    ]
                }
            ]
        },
        "right_leg": {
            "transform": {
                "origin": [
                    -1.9,
                    12.0,
                    0.0
                ]
            },
            "cuboids": [
                {
                    "uv": [
                        8.0,
                        0.0
                    ],
                    "offset": [
                        -1.0,
                        0.0,
                        -1.0
                    ],
                    "dimensions": [
                        2.0,
                        11.0,
                        2.0
                    ]
                }
            ]
        },
        "shoulder_stick": {
            "cuboids": [
                {
                    "uv": [
                        0.0,
                        48.0
                    ],
                    "offset": [
                        -4.0,
                        10.0,
                        -1.0
                    ],
                    "dimensions": [
                        8.0,
                        2.0,
                        2.0
                    ]
                }
            ]
        },
        "right_body_stick": {
            "cuboids": [
                {
                    "uv": [
                        16.0,
                        0.0
                    ],
                    "offset": [
                        -3.0,
                        3.0,
                        -1.0
                    ],
                    "dimensions": [
                        2.0,
                        7.0,
                        2.0
                    ]
                }
            ]
        },
        "base_plate": {
            "transform": {
                "origin": [
                    0.0,
                    12.0,
                    0.0
                ]
            },
            "cuboids": [
                {
                    "uv": [
                        0.0,
                        32.0
                    ],
                    "offset": [
                        -6.0,
                        11.0,
                        -6.0
                    ],
                    "dimensions": [
                        12.0,
                        1.0,
                        12.0
                    ]
                }
            ]
        },
        "hat": {
            "transform": {},
            "cuboids": [
                {
                    "dilation": [
                        0.5,
                        0.5,
                        0.5
                    ],
                    "uv": [
                        32.0,
                        0.0
                    ],
                    "offset": [
                        -4.0,
                        -8.0,
                        -4.0
                    ],
                    "dimensions": [
                        8.0,
                        8.0,
                        8.0
                    ]
                }
            ]
        },
        "body": {
            "cuboids": [
                {
                    "uv": [
                        0.0,
                        26.0
                    ],
                    "offset": [
                        -6.0,
                        0.0,
                        -1.5
                    ],
                    "dimensions": [
                        12.0,
                        3.0,
                        3.0
                    ]
                }
            ]
        }
    }
}