{
    "texture": {
        "width": 64,
        "height": 64
    },
    "bones": {
        "right_arm": {
            "transform": {
                "origin": [
                    -5.0,
                    2.5,
                    0.0
                ]
            },
            "cuboids": [
                {
                    "uv": [
                        40.0,
                        16.0
                    ],
                    "offset": [
                        -2.0,
                        -2.0,
                        -2.0
                    ],
                    "dimensions": [
                        3.0,
                        12.0,
                        4.0
                    ]
                }
            ]
        },
        "left_leg": {
            "transform": {
                "origin": [
                    1.9,
                    12.0,
                    0.0
                ]
            },
            "cuboids": [
                {
                    "uv": [
                        16.0,
                        48.0
                    ],
                    "offset": [
                        -2.0,
                        0.0,
                        -2.0
                    ],
                    "dimensions": [
                        4.0,
                        12.0,
                        4.0
                    ]
                }
            ]
        },
        "jacket": {
            "cuboids": [
                {
                    "dilation": [
                        0.25,
                        0.25,
                        0.25
                    ],
                    "uv": [
                        16.0,
                        32.0
                    ],
                    "offset": [
                        -4.0,
                        0.0,
                        -2.0
                    ],
                    "dimensions": [
                        8.0,
                        12.0,
                        4.0
                    ]
                }
            ]
        },
        "body": {
            "transform": {},
            "cuboids": [
                {
                    "uv": [
                        16.0,
                        16.0
                    ],
                    "offset": [
                        -4.0,
                        0.0,
                        -2.0
                    ],
                    "dimensions": [
                        8.0,
                        12.0,
                        4.0
                    ]
                }
            ]
        },
        "head": {
            "transform": {},
            "cuboids": [
                {
                    "uv": [
                        0.0,
                        0.0
                    ],
                    "offset": [
                        -4.0,
                        -8.0,
                        -4.0
                    ],
                    "dimensions": [
                        8.0,
                        8.0,
                        8.0
                    ]
                }
            ]
        },
        "left_sleeve": {
            "transform": {
                "origin": [
                    5.0,
                    2.5,
                    0.0
                ]
            },
            "cuboids": [
                {
                    "dilation": [
                        0.25,
                        0.25,
                        0.25
                    ],
                    "uv": [
                        48.0,
                        48.0
                    ],
                    "offset": [
                        -1.0,
                        -2.0,
                        -2.0
                    ],
                    "dimensions": [
                        3.0,
                        12.0,
                        4.0
                    ]
                }
            ]
        },
        "right_sleeve": {
            "transform": {
                "origin": [
                    -5.0,
                    2.5,
                    0.0
                ]
            },
            "cuboids": [
                {
                    "dilation": [
                        0.25,
                        0.25,
                        0.25
                    ],
                    "uv": [
                        40.0,
                        32.0
                    ],
                    "offset": [
                        -2.0,
                        -2.0,
                        -2.0
                    ],
                    "dimensions": [
                        3.0,
                        12.0,
                        4.0
                    ]
                }
            ]
        },
        "left_arm": {
            "transform": {
                "origin": [
                    5.0,
                    2.5,
                    0.0
                ]
            },
            "cuboids": [
                {
                    "uv": [
                        32.0,
                        48.0
                    ],
                    "offset": [
                        -1.0,
                        -2.0,
                        -2.0
                    ],
                    "dimensions": [
                        3.0,
                        12.0,
                        4.0
                    ]
                }
            ]
        },
        "right_leg": {
            "transform": {
                "origin": [
                    -1.9,
                    12.0,
                    0.0
                ]
            },
            "cuboids": [
                {
                    "uv": [
                        0.0,
                        16.0
                    ],
                    "offset": [
                        -2.0,
                        0.0,
                        -2.0
                    ],
                    "dimensions": [
                        4.0,
                        12.0,
                        4.0
                    ]
                }
            ]
        },
        "cloak": {
            "transform": {},
            "cuboids": [
                {
                    "uv": [
                        0.0,
                        0.0
                    ],
                    "uv_scale": [
                        1.0,
                        0.5
                    ],
                    "offset": [
                        -5.0,
                        0.0,
                        -1.0
                    ],
                    "dimensions": [
                        10.0,
                        16.0,
                        1.0
                    ]
                }
            ]
        },
        "ear": {
            "cuboids": [
                {
                    "uv": [
                        24.0,
                        0.0
                    ],
                    "offset": [
                        -3.0,
                        -6.0,
                        -1.0
                    ],
                    "dimensions": [
                        6.0,
                        6.0,
                        1.0
                    ]
                }
            ]
        },
        "right_pants": {
            "transform": {
                "origin": [
                    -1.9,
                    12.0,
                    0.0
                ]
            },
            "cuboids": [
                {
                    "dilation": [
                        0.25,
                        0.25,
                        0.25
                    ],
                    "uv": [
                        0.0,
                        32.0
                    ],
                    "offset": [
                        -2.0,
                        0.0,
                        -2.0
                    ],
                    "dimensions": [
                        4.0,
                        12.0,
                        4.0
                    ]
                }
            ]
        },
        "hat": {
            "transform": {},
            "cuboids": [
                {
                    "dilation": [
                        0.5,
                        0.5,
                        0.5
                    ],
                    "uv": [
                        32.0,
                        0.0
                    ],
                    "offset": [
                        -4.0,
                        -8.0,
                        -4.0
                    ],
                    "dimensions": [
                        8.0,
                        8.0,
                        8.0
                    ]
                }
            ]
        },
        "left_pants": {
            "transform": {
                "origin": [
                    1.9,
                    12.0,
                    0.0
                ]
            },
            "cuboids": [
                {
                    "dilation": [
                        0.25,
                        0.25,
                        0.25
                    ],
                    "uv": [
                        0.0,
                        48.0
                    ],
                    "offset": [
                        -2.0,
                        0.0,
                        -2.0
                    ],
                    "dimensions": [
                        4.0,
                        12.0,
                        4.0
                    ]
                }
            ]
        }
    }
}