{
	"criteria": {
		"requirement": {
			"trigger": "minecraft:consume_item",
			"conditions": {
				"player": [
					{
						"condition": "minecraft:entity_properties",
						"entity": "this",
						"predicate": {}
					}
				],
				"item": {
					"items": [
						"minecraft:potion"
					],
					"nbt": "{CustomPotionColor:8912896,display:{Name:'[\"\",{\"text\":\"Bloodbound Potion\",\"italic\":false,\"color\":\"dark_red\"}]',Lore:['[\"\",{\"text\":\"Recreate the power of the\",\"italic\":false,\"color\":\"gray\"}]','[\"\",{\"text\":\"sacrifice of an entire\",\"italic\":false,\"color\":\"gray\"}]','[\"\",{\"text\":\"civilization.\",\"italic\":false,\"color\":\"gray\"}]','[\"\",{\"text\":\"Use at the gate at your\",\"italic\":false,\"color\":\"yellow\"}]','[\"\",{\"text\":\"own risk.\",\"italic\":false,\"color\":\"yellow\"}]','[\"\"]','[\"\",{\"text\":\"-9.5 ❤\",\"italic\":false,\"color\":\"red\"}]']},Enchantments:[{}],Tags:[\"bloodbound_potion\"],HideFlags:32}"
				}
			}
		}
	},
	"rewards": {
		"function": "cavernous:myst/drank_potion"
	}
}
