{
	"display": {
		"icon": {
			"item": "minecraft:nether_wart_block"
		},
		"title": {
			"text": "Dreadmire"
		},
		"description": {
			"text": "Found the dreadmire"
		},
		"frame": "task",
		"show_toast": false,
		"announce_to_chat": true,
		"hidden": false
	},
	"parent": "cavernous:expansion/myst/root",
	"criteria": {
		"cavernous:the_undergrowth": {
			"trigger": "minecraft:location",
			"conditions": {
				"player": [
					{
						"condition": "minecraft:entity_properties",
						"entity": "this",
						"predicate": {
							"location": {
								"biome": "cavernous:myst/dreadmire_"
							}
						}
					}
				]
			}
		}
	},
	"rewards": {
		"function": "cavernous:myst/title_cards/dreadmire_delay"
	}
}
