{
	"display": {
		"icon": {
			"item": "minecraft:slime_block"
		},
		"title": {
			"text": "Noxwoods"
		},
		"description": {
			"text": "Found the noxwoods"
		},
		"frame": "task",
		"show_toast": false,
		"announce_to_chat": true,
		"hidden": false
	},
	"parent": "cavernous:expansion/myst/root",
	"criteria": {
		"cavernous:the_undergrowth": {
			"trigger": "minecraft:location",
			"conditions": {
				"player": [
					{
						"condition": "minecraft:entity_properties",
						"entity": "this",
						"predicate": {
							"location": {
								"biome": "cavernous:myst/noxwoods"
							}
						}
					}
				]
			}
		}
	},
	"rewards": {
		"function": "cavernous:myst/title_cards/noxwoods"
	}
}
