{
    "texture": {
        "width": 64,
        "height": 64
    },
    "bones": {
        "plate": {
            "cuboids": [
                {
                    "uv": [
                        0.0,
                        0.0
                    ],
                    "offset": [
                        -6.0,
                        -11.0,
                        -2.0
                    ],
                    "dimensions": [
                        12.0,
                        22.0,
                        1.0
                    ]
                }
            ]
        },
        "handle": {
            "cuboids": [
                {
                    "uv": [
                        26.0,
                        0.0
                    ],
                    "offset": [
                        -1.0,
                        -3.0,
                        -1.0
                    ],
                    "dimensions": [
                        2.0,
                        6.0,
                        6.0
                    ]
                }
            ]
        }
    }
}