{
	"type": "minecraft:chest",
	"pools": [
		{
			"rolls": 1,
			"bonus_rolls": 0,
			"entries": [
				{
					"type": "minecraft:item",
					"weight": 2,
					"name": "minecraft:music_disc_otherside"
				},
				{
					"type": "minecraft:item",
					"weight": 2,
					"name": "minecraft:music_disc_cat"
				},
				{
					"type": "minecraft:item",
					"weight": 2,
					"name": "minecraft:music_disc_mellohi"
				},
				{
					"type": "minecraft:item",
					"weight": 1,
					"name": "minecraft:music_disc_13"
				}
			]
		},
		{
			"rolls": {
				"type": "minecraft:uniform",
				"min": 2,
				"max": 4
			},
			"bonus_rolls": {
				"min": 0,
				"max": 1
			},
			"entries": [
				{
					"type": "minecraft:item",
					"weight": 10,
					"name": "minecraft:iron_ingot",
					"functions": [
						{
							"function": "minecraft:set_count",
							"count": {
								"type": "minecraft:uniform",
								"min": 1,
								"max": 4
							},
							"add": false
						}
					]
				},
				{
					"type": "minecraft:item",
					"weight": 5,
					"name": "minecraft:gold_ingot",
					"functions": [
						{
							"function": "minecraft:set_count",
							"count": {
								"type": "minecraft:uniform",
								"min": 1,
								"max": 4
							},
							"add": false
						}
					]
				},
				{
					"type": "minecraft:item",
					"weight": 2,
					"name": "minecraft:diamond",
					"functions": [
						{
							"function": "minecraft:set_count",
							"count": {
								"min": 1,
								"max": 2
							}
						}
					]
				}
			]
		},
		{
			"rolls": 1,
			"entries": [
				{
					"type": "minecraft:item",
					"name": "minecraft:iron_sword",
					"functions": [
						{
							"function": "minecraft:set_damage",
							"damage": {
								"min": 0,
								"max": 0.8
							}
						},
						{
							"function": "minecraft:enchant_with_levels",
							"levels": {
								"min": 25,
								"max": 30
							},
							"treasure": true
						}
					]
				},
				{
					"type": "minecraft:item",
					"name": "minecraft:iron_pickaxe",
					"functions": [
						{
							"function": "minecraft:set_damage",
							"damage": {
								"min": 0,
								"max": 0.8
							}
						},
						{
							"function": "minecraft:enchant_with_levels",
							"levels": {
								"min": 25,
								"max": 30
							},
							"treasure": true
						}
					]
				},
				{
					"type": "minecraft:item",
					"name": "minecraft:iron_shovel",
					"functions": [
						{
							"function": "minecraft:set_damage",
							"damage": {
								"min": 0,
								"max": 0.8
							}
						},
						{
							"function": "minecraft:enchant_with_levels",
							"levels": {
								"min": 25,
								"max": 30
							},
							"treasure": true
						}
					]
				},
				{
					"type": "minecraft:item",
					"name": "minecraft:iron_hoe",
					"functions": [
						{
							"function": "minecraft:set_damage",
							"damage": {
								"min": 0,
								"max": 0.8
							}
						},
						{
							"function": "minecraft:enchant_with_levels",
							"levels": {
								"min": 25,
								"max": 30
							},
							"treasure": true
						}
					]
				},
				{
					"type": "minecraft:item",
					"name": "minecraft:iron_axe",
					"functions": [
						{
							"function": "minecraft:set_damage",
							"damage": {
								"min": 0,
								"max": 0.8
							}
						},
						{
							"function": "minecraft:enchant_with_levels",
							"levels": {
								"min": 25,
								"max": 30
							},
							"treasure": true
						}
					]
				}
			]
		},
		{
			"rolls": {
				"min": 1,
				"max": 3
			},
			"entries": [
				{
					"type": "minecraft:item",
					"weight": 1,
					"name": "minecraft:ender_pearl",
					"functions": [
						{
							"function": "minecraft:set_count",
							"count": {
								"min": 1,
								"max": 3
							},
							"add": false
						}
					]
				},
				{
					"type": "minecraft:item",
					"weight": 3,
					"name": "minecraft:book"
				},
				{
					"type": "minecraft:item",
					"weight": 2,
					"name": "minecraft:book",
					"functions": [
						{
							"function": "minecraft:enchant_with_levels",
							"levels": {
								"min": 1,
								"max": 15
							},
							"treasure": true
						}
					]
				}
			]
		},
		{
			"rolls": {
				"min": 2,
				"max": 3
			},
			"entries": [
				{
					"type": "minecraft:item",
					"name": "minecraft:saddle"
				},
				{
					"type": "minecraft:item",
					"name": "minecraft:name_tag",
					"functions": [
						{
							"function": "minecraft:set_count",
							"count": {
								"min": 1,
								"max": 2
							}
						}
					]
				}
			]
		},
		{
			"rolls": 1,
			"entries": [
				{
					"type": "minecraft:item",
					"weight": 1,
					"name": "minecraft:diamond_horse_armor"
				},
				{
					"type": "minecraft:item",
					"weight": 3,
					"name": "minecraft:golden_horse_armor"
				},
				{
					"type": "minecraft:item",
					"weight": 4,
					"name": "minecraft:iron_horse_armor"
				},
				{
					"type": "minecraft:item",
					"weight": 1,
					"name": "minecraft:leather_horse_armor"
				}
			]
		},
		{
			"rolls": {
				"min": 0,
				"max": 2
			},
			"entries": [
				{
					"type": "minecraft:item",
					"weight": 20,
					"name": "minecraft:golden_apple"
				},
				{
					"type": "minecraft:item",
					"weight": 1,
					"name": "minecraft:enchanted_golden_apple"
				}
			]
		}
	]
}
