{
	"type": "minecraft:chest",
	"pools": [
		{
			"rolls": {
				"min": 3,
				"max": 6
			},
			"bonus_rolls": {
				"min": 0,
				"max": 1
			},
			"entries": [
				{
					"type": "minecraft:item",
					"weight": 6,
					"name": "minecraft:wooden_pickaxe",
					"functions": [
						{
							"function": "minecraft:set_damage",
							"damage": {
								"min": 0,
								"max": 0.7
							}
						}
					]
				},
				{
					"type": "minecraft:item",
					"weight": 4,
					"name": "minecraft:stone_pickaxe",
					"functions": [
						{
							"function": "minecraft:set_damage",
							"damage": {
								"min": 0,
								"max": 0.3
							}
						}
					]
				},
				{
					"type": "minecraft:item",
					"weight": 4,
					"name": "minecraft:stone_sword",
					"functions": [
						{
							"function": "minecraft:set_damage",
							"damage": {
								"min": 0,
								"max": 0.3
							}
						}
					]
				},
				{
					"type": "minecraft:item",
					"weight": 1,
					"name": "minecraft:iron_sword",
					"functions": [
						{
							"function": "minecraft:set_damage",
							"damage": {
								"min": 0,
								"max": 0.15
							}
						},
						{
							"function": "minecraft:enchant_with_levels",
							"levels": {
								"min": 1,
								"max": 10
							},
							"treasure": true
						}
					]
				},
				{
					"type": "minecraft:item",
					"weight": 2,
					"name": "minecraft:leather_boots",
					"functions": [
						{
							"function": "minecraft:set_damage",
							"damage": {
								"min": 0,
								"max": 0.75
							}
						},
						{
							"function": "minecraft:enchant_with_levels",
							"levels": {
								"min": 1,
								"max": 10
							},
							"treasure": true
						}
					]
				},
				{
					"type": "minecraft:item",
					"weight": 2,
					"name": "minecraft:leather_chestplate",
					"functions": [
						{
							"function": "minecraft:set_damage",
							"damage": {
								"min": 0,
								"max": 0.75
							}
						},
						{
							"function": "minecraft:enchant_with_levels",
							"levels": {
								"min": 1,
								"max": 10
							},
							"treasure": true
						}
					]
				},
				{
					"type": "minecraft:item",
					"weight": 2,
					"name": "minecraft:leather_leggings",
					"functions": [
						{
							"function": "minecraft:set_damage",
							"damage": {
								"min": 0,
								"max": 0.75
							}
						},
						{
							"function": "minecraft:enchant_with_levels",
							"levels": {
								"min": 1,
								"max": 10
							},
							"treasure": true
						}
					]
				},
				{
					"type": "minecraft:item",
					"weight": 2,
					"name": "minecraft:leather_helmet",
					"functions": [
						{
							"function": "minecraft:set_damage",
							"damage": {
								"min": 0,
								"max": 0.75
							}
						},
						{
							"function": "minecraft:enchant_with_levels",
							"levels": {
								"min": 1,
								"max": 10
							},
							"treasure": true
						}
					]
				}
			]
		},
		{
			"rolls": 5,
			"bonus_rolls": 0,
			"entries": [
				{
					"type": "minecraft:item",
					"weight": 3,
					"name": "minecraft:chain",
					"functions": [
						{
							"function": "minecraft:set_count",
							"count": {
								"min": 1,
								"max": 3
							}
						}
					]
				},
				{
					"type": "minecraft:item",
					"weight": 3,
					"name": "minecraft:torch",
					"functions": [
						{
							"function": "minecraft:set_count",
							"count": {
								"min": 1,
								"max": 3
							}
						}
					]
				},
				{
					"type": "minecraft:item",
					"weight": 1,
					"name": "minecraft:iron_ingot"
				}
			]
		},
		{
			"rolls": 7,
			"entries": [
				{
					"type": "minecraft:item",
					"name": "minecraft:carrot"
				},
				{
					"type": "minecraft:item",
					"name": "minecraft:bread"
				},
				{
					"type": "minecraft:item",
					"name": "minecraft:potato"
				},
				{
					"type": "minecraft:item",
					"name": "minecraft:beetroot_seeds"
				},
				{
					"type": "minecraft:item",
					"name": "minecraft:melon_seeds"
				},
				{
					"type": "minecraft:item",
					"name": "minecraft:pumpkin_seeds"
				}
			]
		}
	]
}
