{
	"credit": "Made with Blockbench",
	"parent": "minecraft:block/block",
	"textures": {
		"particle": "landmines:block/landmine_base",
		"base": "landmines:block/landmine_base"
	},
	"elements": [
		{
			"from": [2, -0.25, 4],
			"to": [14, 1.75, 12],
			"rotation": {"angle": 0, "axis": "y", "origin": [8, 0, 8]},
			"faces": {
				"north": {"uv": [2, 14, 14, 16], "texture": "#base"},
				"east": {"uv": [4, 14, 12, 16], "texture": "#base"},
				"south": {"uv": [2, 14, 14, 16], "texture": "#base"},
				"west": {"uv": [4, 14, 12, 16], "texture": "#base"},
				"up": {"uv": [2, 4, 14, 12], "texture": "#base"},
				"down": {"uv": [2, 4, 14, 12], "texture": "#base"}
			}
		},
		{
			"from": [4, 1.75, 5],
			"to": [12, 3.75, 11],
			"rotation": {"angle": 0, "axis": "y", "origin": [8, 0, 8]},
			"faces": {
				"north": {"uv": [4, 12, 12, 14], "texture": "#base"},
				"east": {"uv": [5, 12, 11, 14], "texture": "#base"},
				"south": {"uv": [4, 12, 12, 14], "texture": "#base"},
				"west": {"uv": [5, 12, 11, 14], "texture": "#base"},
				"up": {"uv": [4, 5, 12, 11], "texture": "#base"},
				"down": {"uv": [4, 5, 12, 11], "texture": "#base"}
			}
		},
		{
			"from": [6, 1, 6.25],
			"to": [10, 10, 10.25],
			"rotation": {"angle": -22.5, "axis": "z", "origin": [10, 4, 6]},
			"faces": {
				"north": {"uv": [8, 7, 4, 16], "texture": "#type"},
				"east": {"uv": [7, 7, 11, 16], "texture": "#type"},
				"south": {"uv": [7, 6, 11, 15], "texture": "#type"},
				"west": {"uv": [6, 7, 2, 16], "texture": "#type"},
				"up": {"uv": [0, 4, 4, 8], "texture": "#type"},
				"down": {"uv": [0, 0, 4, 4], "texture": "#type"}
			}
		},
		{
			"from": [6, 10, 7.25],
			"to": [10, 13, 9.25],
			"rotation": {"angle": -22.5, "axis": "z", "origin": [10, 4, 6]},
			"faces": {
				"north": {"uv": [0, 2, 4, 5], "texture": "#type"},
				"east": {"uv": [12, 6, 14, 9], "texture": "#type"},
				"south": {"uv": [2, 7, 6, 10], "texture": "#type"},
				"west": {"uv": [12, 4, 14, 7], "texture": "#type"},
				"up": {"uv": [7, 0, 11, 2], "texture": "#type"},
				"down": {"uv": [0, 0, 4, 2], "texture": "#type"}
			}
		},
		{
			"from": [3.04328, 0.7039, 8.25],
			"to": [6.04328, 7.7039, 11.25],
			"rotation": {"angle": 22.5, "axis": "z", "origin": [4, 4, 8]},
			"faces": {
				"north": {"uv": [4, 6, 1, 13], "texture": "#type"},
				"east": {"uv": [0, 6, 3, 13], "texture": "#type"},
				"south": {"uv": [16, 6, 13, 13], "texture": "#type"},
				"west": {"uv": [10, 9, 7, 16], "texture": "#type"},
				"up": {"uv": [0, 0, 3, 3], "texture": "#type"},
				"down": {"uv": [0, 0, 3, 3], "texture": "#type"}
			}
		},
		{
			"from": [3.04328, 7.7039, 8.75],
			"to": [6.04328, 9.7039, 10.75],
			"rotation": {"angle": 22.5, "axis": "z", "origin": [4, 4, 8]},
			"faces": {
				"north": {"uv": [11, 4, 14, 6], "texture": "#type"},
				"east": {"uv": [0, 0, 2, 2], "texture": "#type"},
				"south": {"uv": [11, 4, 14, 6], "texture": "#type"},
				"west": {"uv": [12, 7, 14, 9], "texture": "#type"},
				"up": {"uv": [1, 2, 4, 4], "texture": "#type"},
				"down": {"uv": [0, 0, 3, 2], "texture": "#type"}
			}
		},
		{
			"from": [4.04328, 1.7039, 4.25],
			"to": [7.04328, 8.7039, 7.25],
			"rotation": {"angle": -22.5, "axis": "x", "origin": [4, 4, 8]},
			"faces": {
				"north": {"uv": [8, 9, 11, 16], "texture": "#type"},
				"east": {"uv": [5, 7, 8, 14], "texture": "#type"},
				"south": {"uv": [5, 7, 8, 14], "texture": "#type"},
				"west": {"uv": [1, 6, 4, 13], "texture": "#type"},
				"up": {"uv": [0, 0, 3, 3], "texture": "#type"},
				"down": {"uv": [0, 0, 3, 3], "texture": "#type"}
			}
		},
		{
			"from": [4.54328, 8.7039, 4.25],
			"to": [6.54328, 10.7039, 7.25],
			"rotation": {"angle": -22.5, "axis": "x", "origin": [4, 4, 8]},
			"faces": {
				"north": {"uv": [3, 8, 5, 10], "texture": "#type"},
				"east": {"uv": [12, 6, 15, 8], "texture": "#type"},
				"south": {"uv": [8, 0, 10, 2], "texture": "#type"},
				"west": {"uv": [7, 8, 4, 6], "texture": "#type"},
				"up": {"uv": [12, 4, 14, 7], "texture": "#type"},
				"down": {"uv": [0, 0, 2, 3], "texture": "#type"}
			}
		},
		{
			"from": [7.04328, 2.7039, 8.25],
			"to": [10.04328, 9.7039, 11.25],
			"rotation": {"angle": 45, "axis": "x", "origin": [4, 4, 8]},
			"faces": {
				"north": {"uv": [11, 6, 14, 13], "texture": "#type"},
				"east": {"uv": [0, 9, 3, 16], "texture": "#type"},
				"south": {"uv": [7, 9, 10, 16], "texture": "#type"},
				"west": {"uv": [10, 9, 7, 16], "texture": "#type"},
				"up": {"uv": [0, 0, 3, 3], "texture": "#type"},
				"down": {"uv": [0, 0, 3, 3], "texture": "#type"}
			}
		},
		{
			"from": [7.54328, 9.7039, 8.25],
			"to": [9.54328, 11.7039, 11.25],
			"rotation": {"angle": 45, "axis": "x", "origin": [4, 4, 8]},
			"faces": {
				"north": {"uv": [3, 8, 5, 6], "texture": "#type"},
				"east": {"uv": [1, 5, 4, 3], "texture": "#type"},
				"south": {"uv": [0, 0, 2, 2], "texture": "#type"},
				"west": {"uv": [6, 9, 3, 11], "texture": "#type"},
				"up": {"uv": [12, 4, 14, 7], "texture": "#type"},
				"down": {"uv": [0, 0, 2, 3], "texture": "#type"}
			}
		},
		{
			"from": [7.04328, 4.2039, 4.25],
			"to": [10.04328, 11.2039, 7.25],
			"rotation": {"angle": -45, "axis": "z", "origin": [4, 4, 8]},
			"faces": {
				"north": {"uv": [15, 9, 12, 16], "texture": "#type"},
				"east": {"uv": [9, 9, 12, 16], "texture": "#type"},
				"south": {"uv": [13, 9, 16, 16], "texture": "#type"},
				"west": {"uv": [10, 5, 13, 12], "texture": "#type"},
				"up": {"uv": [1, 1, 4, 4], "texture": "#type"},
				"down": {"uv": [0, 0, 3, 3], "texture": "#type"}
			}
		},
		{
			"from": [7.54328, 11.2039, 4.25],
			"to": [9.54328, 13.2039, 7.25],
			"rotation": {"angle": -45, "axis": "z", "origin": [4, 4, 8]},
			"faces": {
				"north": {"uv": [11, 0, 13, 2], "texture": "#type"},
				"east": {"uv": [0, 0, 3, 2], "texture": "#type"},
				"south": {"uv": [8, 2, 10, 0], "texture": "#type"},
				"west": {"uv": [7, 2, 10, 0], "texture": "#type"},
				"up": {"uv": [12, 4, 14, 7], "texture": "#type"},
				"down": {"uv": [0, 0, 2, 3], "texture": "#type"}
			}
		},
		{
			"from": [8.7039, -1.04328, 8.75],
			"to": [14.7039, 1.95672, 10.75],
			"rotation": {"angle": 22.5, "axis": "z", "origin": [4, 4, 8]},
			"faces": {
				"north": {"uv": [8, 7, 5, 13], "rotation": 270, "texture": "#type"},
				"east": {"uv": [1, 2, 4, 4], "rotation": 90, "texture": "#type"},
				"south": {"uv": [12, 5, 15, 11], "rotation": 90, "texture": "#type"},
				"west": {"uv": [0, 0, 3, 2], "rotation": 90, "texture": "#type"},
				"up": {"uv": [2, 4, 4, 10], "rotation": 90, "texture": "#type"},
				"down": {"uv": [9, 10, 11, 16], "rotation": 90, "texture": "#type"}
			}
		},
		{
			"from": [1.04328, 2.7039, 5.75],
			"to": [4.04328, 6.7039, 7.75],
			"rotation": {"angle": 45, "axis": "z", "origin": [4, 4, 8]},
			"faces": {
				"north": {"uv": [5, 7, 2, 11], "texture": "#type"},
				"east": {"uv": [11, 6, 13, 10], "texture": "#type"},
				"south": {"uv": [10, 11, 13, 15], "texture": "#type"},
				"west": {"uv": [7, 10, 9, 14], "texture": "#type"},
				"up": {"uv": [11, 4, 14, 6], "texture": "#type"},
				"down": {"uv": [0, 0, 3, 2], "texture": "#type"}
			}
		}
	],
	"groups": [
		{
			"name": "crystal",
			"origin": [8, 8, 8],
			"color": 0,
			"children": [
				0,
				1,
				{
					"name": "crystals",
					"origin": [8, 0, 8],
					"color": 0,
					"children": [
						{
							"name": "crystal1",
							"origin": [8, 0, 8],
							"color": 0,
							"children": [2, 3]
						},
						{
							"name": "crystal2",
							"origin": [8, 0, 8],
							"color": 0,
							"children": [4, 5]
						},
						{
							"name": "crystal3",
							"origin": [8, 0, 8],
							"color": 0,
							"children": [6, 7]
						},
						{
							"name": "crystal4",
							"origin": [8, 0, 8],
							"color": 0,
							"children": [8, 9]
						},
						{
							"name": "crystal5",
							"origin": [8, 0, 8],
							"color": 0,
							"children": [10, 11]
						},
						{
							"name": "crystal6",
							"origin": [8, 0, 8],
							"color": 0,
							"children": [12]
						},
						{
							"name": "crystal7",
							"origin": [8, 0, 8],
							"color": 0,
							"children": [13]
						}
					]
				}
			]
		}
	]
}