{
    "texture": {
        "width": 64,
        "height": 64
    },
    "bones": {
        "right_front_leg": {
            "transform": {
                "origin": [
                    -4.0,
                    14.0,
                    -12.0
                ]
            },
            "cuboids": [
                {
                    "uv": [
                        48.0,
                        21.0
                    ],
                    "offset": [
                        -1.0,
                        -1.01,
                        -1.9
                    ],
                    "dimensions": [
                        4.0,
                        11.0,
                        4.0
                    ]
                }
            ]
        },
        "right_hind_baby_leg": {
            "transform": {
                "origin": [
                    -4.0,
                    14.0,
                    7.0
                ]
            },
            "cuboids": [
                {
                    "dilation": [
                        0.0,
                        5.5,
                        0.0
                    ],
                    "uv": [
                        48.0,
                        21.0
                    ],
                    "offset": [
                        -1.0,
                        -1.01,
                        -1.0
                    ],
                    "dimensions": [
                        4.0,
                        11.0,
                        4.0
                    ]
                }
            ]
        },
        "left_front_baby_leg": {
            "transform": {
                "origin": [
                    4.0,
                    14.0,
                    -12.0
                ]
            },
            "cuboids": [
                {
                    "dilation": [
                        0.0,
                        5.5,
                        0.0
                    ],
                    "mirror": true,
                    "uv": [
                        48.0,
                        21.0
                    ],
                    "offset": [
                        -3.0,
                        -1.01,
                        -1.9
                    ],
                    "dimensions": [
                        4.0,
                        11.0,
                        4.0
                    ]
                }
            ]
        },
        "right_hind_leg": {
            "transform": {
                "origin": [
                    -4.0,
                    14.0,
                    7.0
                ]
            },
            "cuboids": [
                {
                    "uv": [
                        48.0,
                        21.0
                    ],
                    "offset": [
                        -1.0,
                        -1.01,
                        -1.0
                    ],
                    "dimensions": [
                        4.0,
                        11.0,
                        4.0
                    ]
                }
            ]
        },
        "right_front_baby_leg": {
            "transform": {
                "origin": [
                    -4.0,
                    14.0,
                    -12.0
                ]
            },
            "cuboids": [
                {
                    "dilation": [
                        0.0,
                        5.5,
                        0.0
                    ],
                    "uv": [
                        48.0,
                        21.0
                    ],
                    "offset": [
                        -1.0,
                        -1.01,
                        -1.9
                    ],
                    "dimensions": [
                        4.0,
                        11.0,
                        4.0
                    ]
                }
            ]
        },
        "head_parts": {
            "transform": {
                "origin": [
                    0.0,
                    4.0,
                    -12.0
                ],
                "rotation": [
                    0.5235988,
                    0.0,
                    0.0
                ]
            },
            "cuboids": [
                {
                    "uv": [
                        0.0,
                        35.0
                    ],
                    "offset": [
                        -2.05,
                        -6.0,
                        -2.0
                    ],
                    "dimensions": [
                        4.0,
                        12.0,
                        7.0
                    ]
                }
            ],
            "children": {
                "head": {
                    "cuboids": [
                        {
                            "uv": [
                                0.0,
                                13.0
                            ],
                            "offset": [
                                -3.0,
                                -11.0,
                                -2.0
                            ],
                            "dimensions": [
                                6.0,
                                5.0,
                                7.0
                            ]
                        }
                    ],
                    "children": {
                        "right_ear": {
                            "cuboids": [
                                {
                                    "dilation": [
                                        -0.001,
                                        -0.001,
                                        -0.001
                                    ],
                                    "uv": [
                                        19.0,
                                        16.0
                                    ],
                                    "offset": [
                                        -2.55,
                                        -13.0,
                                        4.0
                                    ],
                                    "dimensions": [
                                        2.0,
                                        3.0,
                                        1.0
                                    ]
                                }
                            ]
                        },
                        "left_ear": {
                            "cuboids": [
                                {
                                    "dilation": [
                                        -0.001,
                                        -0.001,
                                        -0.001
                                    ],
                                    "uv": [
                                        19.0,
                                        16.0
                                    ],
                                    "offset": [
                                        0.55,
                                        -13.0,
                                        4.0
                                    ],
                                    "dimensions": [
                                        2.0,
                                        3.0,
                                        1.0
                                    ]
                                }
                            ]
                        }
                    }
                },
                "left_saddle_mouth": {
                    "cuboids": [
                        {
                            "uv": [
                                29.0,
                                5.0
                            ],
                            "offset": [
                                2.0,
                                -9.0,
                                -6.0
                            ],
                            "dimensions": [
                                1.0,
                                2.0,
                                2.0
                            ]
                        }
                    ]
                },
                "mouth_saddle_wrap": {
                    "cuboids": [
                        {
                            "dilation": [
                                0.2,
                                0.2,
                                0.2
                            ],
                            "uv": [
                                19.0,
                                0.0
                            ],
                            "offset": [
                                -2.0,
                                -11.0,
                                -4.0
                            ],
                            "dimensions": [
                                4.0,
                                5.0,
                                2.0
                            ]
                        }
                    ]
                },
                "right_saddle_line": {
                    "transform": {
                        "rotation": [
                            -0.5235988,
                            0.0,
                            0.0
                        ]
                    },
                    "cuboids": [
                        {
                            "uv": [
                                32.0,
                                2.0
                            ],
                            "offset": [
                                -3.1,
                                -6.0,
                                -8.0
                            ],
                            "dimensions": [
                                0.0,
                                3.0,
                                16.0
                            ]
                        }
                    ]
                },
                "mane": {
                    "cuboids": [
                        {
                            "uv": [
                                56.0,
                                36.0
                            ],
                            "offset": [
                                -1.0,
                                -11.0,
                                5.01
                            ],
                            "dimensions": [
                                2.0,
                                16.0,
                                2.0
                            ]
                        }
                    ]
                },
                "right_saddle_mouth": {
                    "cuboids": [
                        {
                            "uv": [
                                29.0,
                                5.0
                            ],
                            "offset": [
                                -3.0,
                                -9.0,
                                -6.0
                            ],
                            "dimensions": [
                                1.0,
                                2.0,
                                2.0
                            ]
                        }
                    ]
                },
                "left_saddle_line": {
                    "transform": {
                        "rotation": [
                            -0.5235988,
                            0.0,
                            0.0
                        ]
                    },
                    "cuboids": [
                        {
                            "uv": [
                                32.0,
                                2.0
                            ],
                            "offset": [
                                3.1,
                                -6.0,
                                -8.0
                            ],
                            "dimensions": [
                                0.0,
                                3.0,
                                16.0
                            ]
                        }
                    ]
                },
                "upper_mouth": {
                    "cuboids": [
                        {
                            "uv": [
                                0.0,
                                25.0
                            ],
                            "offset": [
                                -2.0,
                                -11.0,
                                -7.0
                            ],
                            "dimensions": [
                                4.0,
                                5.0,
                                5.0
                            ]
                        }
                    ]
                },
                "head_saddle": {
                    "cuboids": [
                        {
                            "dilation": [
                                0.2,
                                0.2,
                                0.2
                            ],
                            "uv": [
                                1.0,
                                1.0
                            ],
                            "offset": [
                                -3.0,
                                -11.0,
                                -1.9
                            ],
                            "dimensions": [
                                6.0,
                                5.0,
                                6.0
                            ]
                        }
                    ]
                }
            }
        },
        "left_hind_leg": {
            "transform": {
                "origin": [
                    4.0,
                    14.0,
                    7.0
                ]
            },
            "cuboids": [
                {
                    "mirror": true,
                    "uv": [
                        48.0,
                        21.0
                    ],
                    "offset": [
                        -3.0,
                        -1.01,
                        -1.0
                    ],
                    "dimensions": [
                        4.0,
                        11.0,
                        4.0
                    ]
                }
            ]
        },
        "body": {
            "transform": {
                "origin": [
                    0.0,
                    11.0,
                    5.0
                ]
            },
            "cuboids": [
                {
                    "dilation": [
                        0.05,
                        0.05,
                        0.05
                    ],
                    "uv": [
                        0.0,
                        32.0
                    ],
                    "offset": [
                        -5.0,
                        -8.0,
                        -17.0
                    ],
                    "dimensions": [
                        10.0,
                        10.0,
                        22.0
                    ]
                }
            ],
            "children": {
                "saddle": {
                    "cuboids": [
                        {
                            "dilation": [
                                0.5,
                                0.5,
                                0.5
                            ],
                            "uv": [
                                26.0,
                                0.0
                            ],
                            "offset": [
                                -5.0,
                                -8.0,
                                -9.0
                            ],
                            "dimensions": [
                                10.0,
                                9.0,
                                9.0
                            ]
                        }
                    ]
                },
                "tail": {
                    "transform": {
                        "origin": [
                            0.0,
                            -5.0,
                            2.0
                        ],
                        "rotation": [
                            0.5235988,
                            0.0,
                            0.0
                        ]
                    },
                    "cuboids": [
                        {
                            "uv": [
                                42.0,
                                36.0
                            ],
                            "offset": [
                                -1.5,
                                0.0,
                                0.0
                            ],
                            "dimensions": [
                                3.0,
                                14.0,
                                4.0
                            ]
                        }
                    ]
                }
            }
        },
        "left_front_leg": {
            "transform": {
                "origin": [
                    4.0,
                    14.0,
                    -12.0
                ]
            },
            "cuboids": [
                {
                    "mirror": true,
                    "uv": [
                        48.0,
                        21.0
                    ],
                    "offset": [
                        -3.0,
                        -1.01,
                        -1.9
                    ],
                    "dimensions": [
                        4.0,
                        11.0,
                        4.0
                    ]
                }
            ]
        },
        "left_hind_baby_leg": {
            "transform": {
                "origin": [
                    4.0,
                    14.0,
                    7.0
                ]
            },
            "cuboids": [
                {
                    "dilation": [
                        0.0,
                        5.5,
                        0.0
                    ],
                    "mirror": true,
                    "uv": [
                        48.0,
                        21.0
                    ],
                    "offset": [
                        -3.0,
                        -1.01,
                        -1.0
                    ],
                    "dimensions": [
                        4.0,
                        11.0,
                        4.0
                    ]
                }
            ]
        }
    }
}