{
  "feature": {
    "type": "minecraft:disk",
    "config": {
      "state_provider": {
        "fallback": {
          "type": "minecraft:weighted_state_provider",
          "entries": [
            {
              "weight": 1,
              "data": {
                "Name": "minecraft:rooted_dirt"
              }
            },
            {
              "weight": 1,
              "data": {
                "Name": "minecraft:podzol"
              }
            },
            {
              "weight": 1,
              "data": {
                "Name": "minecraft:dirt"
              }
            }
          ]
        },
        "rules": []
      },
      "target": {
        "type": "minecraft:all_of",
        "predicates": [
          {
            "type": "minecraft:matching_blocks",
            "offset": [
              0,
              1,
              0
            ],
            "blocks": "minecraft:air"
          },
          {
            "type": "minecraft:matching_blocks",
            "offset": [
              0,
              0,
              0
            ],
            "blocks": [
              "minecraft:grass_block"
            ]
          },
          {
            "type": "minecraft:matching_blocks",
            "offset": [
              1,
              2,
              0
            ],
            "blocks": "minecraft:air"
          },
          {
            "type": "minecraft:matching_blocks",
            "offset": [
              -1,
              2,
              0
            ],
            "blocks": "minecraft:air"
          },
          {
            "type": "minecraft:matching_blocks",
            "offset": [
              0,
              2,
              1
            ],
            "blocks": "minecraft:air"
          },
          {
            "type": "minecraft:matching_blocks",
            "offset": [
              0,
              2,
              -1
            ],
            "blocks": "minecraft:air"
          },
          {
            "type": "minecraft:not",
            "predicate": {
              "type": "minecraft:any_of",
              "predicates": [
                {
                  "type": "minecraft:matching_blocks",
                  "offset": [
                    1,
                    0,
                    1
                  ],
                  "blocks": "minecraft:water"
                },
                {
                  "type": "minecraft:matching_blocks",
                  "offset": [
                    1,
                    0,
                    0
                  ],
                  "blocks": "minecraft:water"
                },
                {
                  "type": "minecraft:matching_blocks",
                  "offset": [
                    1,
                    0,
                    -1
                  ],
                  "blocks": "minecraft:water"
                },
                {
                  "type": "minecraft:matching_blocks",
                  "offset": [
                    0,
                    0,
                    1
                  ],
                  "blocks": "minecraft:water"
                },
                {
                  "type": "minecraft:matching_blocks",
                  "offset": [
                    0,
                    0,
                    -1
                  ],
                  "blocks": "minecraft:water"
                },
                {
                  "type": "minecraft:matching_blocks",
                  "offset": [
                    -1,
                    0,
                    1
                  ],
                  "blocks": "minecraft:water"
                },
                {
                  "type": "minecraft:matching_blocks",
                  "offset": [
                    -1,
                    0,
                    0
                  ],
                  "blocks": "minecraft:water"
                },
                {
                  "type": "minecraft:matching_blocks",
                  "offset": [
                    -1,
                    0,
                    -1
                  ],
                  "blocks": "minecraft:water"
                },
                {
                  "type": "minecraft:matching_blocks",
                  "offset": [
                    1,
                    -1,
                    0
                  ],
                  "blocks": "minecraft:air"
                },
                {
                  "type": "minecraft:matching_blocks",
                  "offset": [
                    -1,
                    -1,
                    0
                  ],
                  "blocks": "minecraft:air"
                },
                {
                  "type": "minecraft:matching_blocks",
                  "offset": [
                    0,
                    -1,
                    1
                  ],
                  "blocks": "minecraft:air"
                },
                {
                  "type": "minecraft:matching_blocks",
                  "offset": [
                    0,
                    -1,
                    -1
                  ],
                  "blocks": "minecraft:air"
                }
              ]
            }
          }
        ]
      },
      "radius": {
        "type": "minecraft:uniform",
        "value": {
          "min_inclusive": 2,
          "max_inclusive": 2
        }
      },
      "half_height": 4
    }
  },
  "placement": [
    {
      "type": "minecraft:noise_based_count",
      "noise_to_count_ratio": -1,
      "noise_factor": 1000,
      "noise_offset": -0.45
    },
    {
      "type": "minecraft:noise_based_count",
      "noise_to_count_ratio": 1,
      "noise_factor": 1000,
      "noise_offset": 0.45
    },
    {
      "type": "minecraft:count",
      "count": 50
    },
    {
      "type": "minecraft:in_square"
    },
    {
      "type": "minecraft:noise_based_count",
      "noise_to_count_ratio": -1,
      "noise_factor": 100,
      "noise_offset": 0
    },
    {
      "type": "minecraft:noise_based_count",
      "noise_to_count_ratio": 1,
      "noise_factor": 150,
      "noise_offset": 0
    },
    {
      "type": "minecraft:noise_based_count",
      "noise_to_count_ratio": -1,
      "noise_factor": 250,
      "noise_offset": 0.05
    },
    {
      "type": "minecraft:heightmap",
      "heightmap": "WORLD_SURFACE_WG"
    },
    {
      "type": "minecraft:biome"
    }
  ]
}
