{
  "feature": "wythers:vegetation/patch_pumpkin_farmed",
  "placement": [
    {
      "type": "minecraft:noise_based_count",
      "noise_to_count_ratio": -1,
      "noise_factor": 1000,
      "noise_offset": -0.45
    },
    {
      "type": "minecraft:noise_based_count",
      "noise_to_count_ratio": 1,
      "noise_factor": 1000,
      "noise_offset": 0.45
    },
    {
      "type": "minecraft:count",
      "count": 3
    },
    {
      "type": "minecraft:in_square"
    },
    {
      "type": "minecraft:noise_based_count",
      "noise_to_count_ratio": -1,
      "noise_factor": 100,
      "noise_offset": 0
    },
    {
      "type": "minecraft:noise_based_count",
      "noise_to_count_ratio": 1,
      "noise_factor": 150,
      "noise_offset": 0
    },
    {
      "type": "minecraft:noise_based_count",
      "noise_to_count_ratio": -1,
      "noise_factor": 250,
      "noise_offset": 0
    },
    {
      "type": "minecraft:heightmap",
      "heightmap": "MOTION_BLOCKING"
    },
    {
      "type": "minecraft:biome"
    }
  ]
}
