{
  "feature": {
    "type": "minecraft:random_patch",
    "config": {
      "tries": 128,
      "xz_spread": 3,
      "y_spread": 3,
      "feature": {
        "feature": {
          "type": "minecraft:random_selector",
          "config": {
            "features": [
              {
                "chance": 0.5,
                "feature": {
                  "feature": {
                    "type": "minecraft:simple_block",
                    "config": {
                      "to_place": {
                        "type": "minecraft:simple_state_provider",
                        "state": {
                          "Name": "minecraft:coarse_dirt"
                        }
                      }
                    }
                  },
                  "placement": [
                    {
                      "type": "minecraft:block_predicate_filter",
                      "predicate": {
                        "type": "minecraft:matching_blocks",
                        "offset": [
                          0,
                          0,
                          0
                        ],
                        "blocks": [
                          "minecraft:dirt_path"
                        ]
                      }
                    }
                  ]
                }
              }
            ],
            "default": {
              "feature": {
                "type": "minecraft:simple_block",
                "config": {
                  "to_place": {
                    "type": "minecraft:weighted_state_provider",
                    "entries": [
                      {
                        "weight": 1,
                        "data": {
                          "Name": "minecraft:hay_block",
                          "Properties": {
                            "axis": "x"
                          }
                        }
                      },
                      {
                        "weight": 1,
                        "data": {
                          "Name": "minecraft:hay_block",
                          "Properties": {
                            "axis": "y"
                          }
                        }
                      },
                      {
                        "weight": 1,
                        "data": {
                          "Name": "minecraft:hay_block",
                          "Properties": {
                            "axis": "z"
                          }
                        }
                      }
                    ]
                  }
                }
              },
              "placement": [
                {
                  "type": "minecraft:block_predicate_filter",
                  "predicate": {
                    "type": "minecraft:matching_blocks",
                    "offset": [
                      0,
                      -1,
                      0
                    ],
                    "blocks": [
                      "minecraft:coarse_dirt",
                      "minecraft:hay_block"
                    ]
                  }
                },
                {
                  "type": "minecraft:block_predicate_filter",
                  "predicate": {
                    "type": "minecraft:not",
                    "predicate": {
                      "type": "minecraft:matching_blocks",
                      "offset": [
                        0,
                        -3,
                        0
                      ],
                      "blocks": [
                        "minecraft:hay_block"
                      ]
                    }
                  }
                }
              ]
            }
          }
        },
        "placement": []
      }
    }
  },
  "placement": [
    {
      "type": "minecraft:noise_based_count",
      "noise_to_count_ratio": -1,
      "noise_factor": 1000,
      "noise_offset": -0.45
    },
    {
      "type": "minecraft:noise_based_count",
      "noise_to_count_ratio": 1,
      "noise_factor": 1000,
      "noise_offset": 0.45
    },
    {
      "type": "minecraft:rarity_filter",
      "chance": 5
    },
    {
      "type": "minecraft:in_square"
    },
    {
      "type": "minecraft:noise_based_count",
      "noise_to_count_ratio": -1,
      "noise_factor": 100,
      "noise_offset": 0
    },
    {
      "type": "minecraft:noise_based_count",
      "noise_to_count_ratio": -1,
      "noise_factor": 150,
      "noise_offset": 0
    },
    {
      "type": "minecraft:noise_based_count",
      "noise_to_count_ratio": -1,
      "noise_factor": 250,
      "noise_offset": 0.1
    },
    {
      "type": "minecraft:count",
      "count": 3
    },
    {
      "type": "minecraft:heightmap",
      "heightmap": "MOTION_BLOCKING"
    },
    {
      "type": "minecraft:biome"
    }
  ]
}
