{
	"ultrawarm": false,
	"natural": false,
	"piglin_safe": false,
	"respawn_anchor_works": false,
	"bed_works": true,
	"has_raids": false,
	"has_skylight": false,
	"has_ceiling": true,
	"coordinate_scale": 1,
	"ambient_light": 0.035,
	"fixed_time": 6000,
	"logical_height": 352,
	"effects": "minecraft:the_nether",
	"infiniburn": "#minecraft:infiniburn_overworld",
	"min_y": -32,
	"height": 352,
	"monster_spawn_light_level": {
		"type": "minecraft:uniform",
		"value": {
			"min_inclusive": 0,
			"max_inclusive": 7
		}
	},
	"monster_spawn_block_light_limit": 0
}
