{
    "variants": {
        "": [ { "model": "block/cherry_planks", "weight":5 }
,{ "model": "block/cherry_planks1", "weight":18 }
,{ "model": "block/cherry_planks2", "weight":10 }
,{ "model": "block/cherry_planks3", "weight":10 }
,{ "model": "block/cherry_planks4", "weight":18 }
,{ "model": "block/cherry_planks5", "weight":10 }
,{ "model": "block/cherry_planks6", "weight":10 }
,{ "model": "block/cherry_planks7", "weight":18 }
,{ "model": "block/cherry_planks8", "weight":10 }
,{ "model": "block/cherry_planks9", "weight":10 }
,{ "model": "block/cherry_planks10", "weight":18 }
,{ "model": "block/cherry_planks11", "weight":10 }
,{ "model": "block/cherry_planks12", "weight":10 }

 ]   }
}