{
    "variants": {
        "": [ { "model": "block/crimson_planks", "weight":1 }
,{ "model": "block/crimson_planks1", "weight":1 }
,{ "model": "block/crimson_planks2", "weight":1 }
,{ "model": "block/crimson_planks3", "weight":1 }
,{ "model": "block/crimson_planks4", "weight":1 }
,{ "model": "block/crimson_planks5", "weight":1 }
,{ "model": "block/crimson_planks6", "weight":1 }
,{ "model": "block/crimson_planks7", "weight":1 }
,{ "model": "block/crimson_planks8", "weight":1 }
,{ "model": "block/crimson_planks9", "weight":1 }
,{ "model": "block/crimson_planks10", "weight":1 }
,{ "model": "block/crimson_planks11", "weight":1 }
,{ "model": "block/crimson_planks12", "weight":1 }
 ]   }
}
