{
    "variants": {
        "": [ { "model": "block/dirt", "weight":400 },
{ "model": "block/dirt", "y": 90, "weight":400 },
{ "model": "block/dirt", "y": 180, "weight":400 },
{ "model": "block/dirt", "y": 270, "weight":400 },
{ "model": "block/dirt", "x": 90, "weight":400 },
{ "model": "block/dirt", "x": 180, "weight":400 },
{ "model": "block/dirt", "x": 270, "weight":400 },
{ "model": "block/dirt1", "weight":400 },
{ "model": "block/dirt1", "y": 90, "weight":400 },
{ "model": "block/dirt1", "y": 180, "weight":400 },
{ "model": "block/dirt1", "y": 270, "weight":400 },
{ "model": "block/dirt1", "x": 90, "weight":400 },
{ "model": "block/dirt1", "x": 180, "weight":400 },
{ "model": "block/dirt1", "x": 270, "weight":400 },
{ "model": "block/dirt2", "weight":400 },
{ "model": "block/dirt2", "y": 90, "weight":400 },
{ "model": "block/dirt2", "y": 180, "weight":400 },
{ "model": "block/dirt2", "y": 270, "weight":400 },
{ "model": "block/dirt2", "x": 90, "weight":400 },
{ "model": "block/dirt2", "x": 180, "weight":400 },
{ "model": "block/dirt2", "x": 270, "weight":400 },
{ "model": "block/dirt3", "weight":400 },
{ "model": "block/dirt3", "y": 90, "weight":400 },
{ "model": "block/dirt3", "y": 180, "weight":400 },
{ "model": "block/dirt3", "y": 270, "weight":400 },
{ "model": "block/dirt3", "x": 90, "weight":400 },
{ "model": "block/dirt3", "x": 180, "weight":400 },
{ "model": "block/dirt3", "x": 270, "weight":400 },
{ "model": "block/dirt4", "weight":50 },
{ "model": "block/dirt4", "y": 90, "weight":50 },
{ "model": "block/dirt4", "y": 180, "weight":50 },
{ "model": "block/dirt4", "y": 270, "weight":50 },
{ "model": "block/dirt4", "x": 90, "weight":50 },
{ "model": "block/dirt4", "x": 180, "weight":50 },
{ "model": "block/dirt4", "x": 270, "weight":50 },
{ "model": "block/dirt5", "weight":50 },
{ "model": "block/dirt5", "y": 90, "weight":50 },
{ "model": "block/dirt5", "y": 180, "weight":50 },
{ "model": "block/dirt5", "y": 270, "weight":50 },
{ "model": "block/dirt5", "x": 90, "weight":50 },
{ "model": "block/dirt5", "x": 180, "weight":50 },
{ "model": "block/dirt5", "x": 270, "weight":50 },
{ "model": "block/dirt6", "weight":50 },
{ "model": "block/dirt6", "y": 90, "weight":50 },
{ "model": "block/dirt6", "y": 180, "weight":50 },
{ "model": "block/dirt6", "y": 270, "weight":50 },
{ "model": "block/dirt6", "x": 90, "weight":50 },
{ "model": "block/dirt6", "x": 180, "weight":50 },
{ "model": "block/dirt6", "x": 270, "weight":50 },
{ "model": "block/dirt7", "weight":50 },
{ "model": "block/dirt7", "y": 90, "weight":50 },
{ "model": "block/dirt7", "y": 180, "weight":50 },
{ "model": "block/dirt7", "y": 270, "weight":50 },
{ "model": "block/dirt7", "x": 90, "weight":50 },
{ "model": "block/dirt7", "x": 180, "weight":50 },
{ "model": "block/dirt7", "x": 270, "weight":50 },
{ "model": "block/dirt8", "weight":50},
{ "model": "block/dirt8", "y": 90, "weight":50 },
{ "model": "block/dirt8", "y": 180, "weight":50 },
{ "model": "block/dirt8", "y": 270, "weight":50 },
{ "model": "block/dirt8", "x": 90, "weight":50 },
{ "model": "block/dirt8", "x": 180, "weight":50 },
{ "model": "block/dirt8", "x": 270, "weight":50 },
{ "model": "block/dirt9", "weight":50 },
{ "model": "block/dirt9", "y": 90, "weight":50 },
{ "model": "block/dirt9", "y": 180, "weight":50 },
{ "model": "block/dirt9", "y": 270, "weight":50 },
{ "model": "block/dirt9", "x": 90, "weight":50 },
{ "model": "block/dirt9", "x": 180, "weight":50 },
{ "model": "block/dirt9", "x": 270, "weight":50 },
{ "model": "block/dirt10", "weight":50 },
{ "model": "block/dirt10", "y": 90, "weight":50 },
{ "model": "block/dirt10", "y": 180, "weight":50 },
{ "model": "block/dirt10", "y": 270, "weight":50 },
{ "model": "block/dirt10", "x": 90, "weight":50 },
{ "model": "block/dirt10", "x": 180, "weight":50 },
{ "model": "block/dirt10", "x": 270, "weight":50 },
{ "model": "block/dirt11", "weight":50},
{ "model": "block/dirt11", "y": 90, "weight":50 },
{ "model": "block/dirt11", "y": 180, "weight":50 },
{ "model": "block/dirt11", "y": 270, "weight":50 },
{ "model": "block/dirt11", "x": 90, "weight":50 },
{ "model": "block/dirt11", "x": 180, "weight":50 },
{ "model": "block/dirt12", "x": 270, "weight":50 },
{ "model": "block/dirt12", "weight":50 },
{ "model": "block/dirt12", "y": 90, "weight":50 },
{ "model": "block/dirt12", "y": 180, "weight":50 },
{ "model": "block/dirt12", "y": 270, "weight":50 },
{ "model": "block/dirt12", "x": 90, "weight":50 },
{ "model": "block/dirt12", "x": 180, "weight":50 },
{ "model": "block/dirt12", "x": 270, "weight":50 }


 ]   }
}
