{
    "variants": {
        "": [ { "model": "block/gravel", "weight":4000 },
{ "model": "block/gravel", "y": 90, "weight":4000 },
{ "model": "block/gravel", "y": 180, "weight":4000 },
{ "model": "block/gravel", "y": 270, "weight":4000 },
{ "model": "block/gravel", "x": 90, "weight":4000 },
{ "model": "block/gravel", "x": 180, "weight":4000 },
{ "model": "block/gravel", "x": 270, "weight":4000 },
{ "model": "block/gravel1", "weight":90 },
{ "model": "block/gravel1", "y": 90, "weight":90 },
{ "model": "block/gravel1", "y": 180, "weight":90 },
{ "model": "block/gravel1", "y": 270, "weight":90 },
{ "model": "block/gravel1", "x": 90, "weight":90 },
{ "model": "block/gravel1", "x": 180, "weight":90 },
{ "model": "block/gravel1", "x": 270, "weight":90 },
{ "model": "block/gravel2", "weight":90 },
{ "model": "block/gravel2", "y": 90, "weight":90 },
{ "model": "block/gravel2", "y": 180, "weight":90 },
{ "model": "block/gravel2", "y": 270, "weight":90 },
{ "model": "block/gravel2", "x": 90, "weight":90 },
{ "model": "block/gravel2", "x": 180, "weight":90 },
{ "model": "block/gravel2", "x": 270, "weight":90 },
{ "model": "block/gravel3", "weight":300 },
{ "model": "block/gravel3", "y": 90, "weight":300 },
{ "model": "block/gravel3", "y": 180, "weight":300 },
{ "model": "block/gravel3", "y": 270, "weight":300 },
{ "model": "block/gravel3", "x": 90, "weight":300 },
{ "model": "block/gravel3", "x": 180, "weight":300 },
{ "model": "block/gravel3", "x": 270, "weight":300 },
{ "model": "block/gravel4", "weight":300 },
{ "model": "block/gravel4", "y": 90, "weight":300 },
{ "model": "block/gravel4", "y": 180, "weight":300 },
{ "model": "block/gravel4", "y": 270, "weight":300 },
{ "model": "block/gravel4", "x": 90, "weight":300 },
{ "model": "block/gravel4", "x": 180, "weight":300 },
{ "model": "block/gravel4", "x": 270, "weight":300 },
{ "model": "block/gravel5", "weight":600 },
{ "model": "block/gravel5", "y": 90, "weight":300 },
{ "model": "block/gravel5", "y": 180, "weight":300 },
{ "model": "block/gravel5", "y": 270, "weight":300 },
{ "model": "block/gravel5", "x": 90, "weight":300 },
{ "model": "block/gravel5", "x": 180, "weight":300 },
{ "model": "block/gravel5", "x": 270, "weight":300 },
{ "model": "block/gravel6", "weight":150 },
{ "model": "block/gravel6", "y": 90, "weight":150 },
{ "model": "block/gravel6", "y": 180, "weight":150 },
{ "model": "block/gravel6", "y": 270, "weight":150 },
{ "model": "block/gravel6", "x": 90, "weight":50 },
{ "model": "block/gravel6", "x": 180, "weight":150 },
{ "model": "block/gravel6", "x": 270, "weight":150 },
{ "model": "block/gravel7", "weight":50 },
{ "model": "block/gravel7", "y": 90, "weight":50 },
{ "model": "block/gravel7", "y": 180, "weight":50 },
{ "model": "block/gravel7", "y": 270, "weight":50 },
{ "model": "block/gravel7", "x": 90, "weight":50 },
{ "model": "block/gravel7", "x": 180, "weight":50 },
{ "model": "block/gravel7", "x": 270, "weight":50 }

 ]   }
}

