{
    "variants": {
        "": [ { "model": "block/jungle_planks", "weight":1 }
,{ "model": "block/jungle_planks1", "weight":1 }
,{ "model": "block/jungle_planks2", "weight":1 }
,{ "model": "block/jungle_planks3", "weight":1 }
,{ "model": "block/jungle_planks4", "weight":1 }
,{ "model": "block/jungle_planks5", "weight":1 }
,{ "model": "block/jungle_planks6", "weight":1 }
,{ "model": "block/jungle_planks7", "weight":1 }
,{ "model": "block/jungle_planks8", "weight":1 }
,{ "model": "block/jungle_planks9", "weight":1 }
,{ "model": "block/jungle_planks10", "weight":1 }
,{ "model": "block/jungle_planks11", "weight":1 }
,{ "model": "block/jungle_planks12", "weight":1 }
 ]   }
}