{
    "variants": {
        "half=lower": [ { "model": "block/lilac_bottom", "weight":2 },
			{ "model": "block/lilac_bottom1", "weight":1 },
			{ "model": "block/lilac_bottom2", "weight":1 },
			{ "model": "block/lilac_bottom3", "weight":1 },
			{ "model": "block/lilac_bottom4", "weight":1 } ],
        "half=upper": [ { "model": "block/lilac_top", "weight":2 },
			{ "model": "block/lilac_top1", "weight":1 },
			{ "model": "block/lilac_top2", "weight":1 },
			{ "model": "block/lilac_top3", "weight":1 },
			{ "model": "block/lilac_top4", "weight":1 } ]
    }
}
