{
    "variants": {
        "": [ { "model": "block/mangrove_planks", "weight":1 }
,{ "model": "block/mangrove_planks1", "weight":1 }
,{ "model": "block/mangrove_planks2", "weight":1 }
,{ "model": "block/mangrove_planks3", "weight":1 }
,{ "model": "block/mangrove_planks4", "weight":1 }
,{ "model": "block/mangrove_planks5", "weight":2 }
,{ "model": "block/mangrove_planks6", "weight":2 }
,{ "model": "block/mangrove_planks7", "weight":2 }
,{ "model": "block/mangrove_planks8", "weight":2 }
,{ "model": "block/mangrove_planks9", "weight":1 }
,{ "model": "block/mangrove_planks10", "weight":1 }
,{ "model": "block/mangrove_planks11", "weight":1 }
,{ "model": "block/mangrove_planks12", "weight":1}

 ]   }
}
