{
    "variants": {
        "": [ { "model": "block/packed_mud", "weight":540 },
{ "model": "block/packed_mud", "y": 90, "weight":540 },
{ "model": "block/packed_mud", "y": 180, "weight":540 },
{ "model": "block/packed_mud", "y": 270, "weight":540 },
{ "model": "block/packed_mud", "x": 90, "weight":540 },
{ "model": "block/packed_mud", "x": 180, "weight":540 },
{ "model": "block/packed_mud", "x": 270, "weight":540 },
{ "model": "block/packed_mud1", "weight":6 },
{ "model": "block/packed_mud1", "y": 90, "weight":6 },
{ "model": "block/packed_mud1", "y": 180, "weight":6 },
{ "model": "block/packed_mud1", "y": 270, "weight":6 },
{ "model": "block/packed_mud1", "x": 90, "weight":6 },
{ "model": "block/packed_mud1", "x": 180, "weight":6 },
{ "model": "block/packed_mud1", "x": 270, "weight":6 },
{ "model": "block/packed_mud2", "weight":6 },
{ "model": "block/packed_mud2", "y": 90, "weight":6 },
{ "model": "block/packed_mud2", "y": 180, "weight":6 },
{ "model": "block/packed_mud2", "y": 270, "weight":6 },
{ "model": "block/packed_mud2", "x": 90, "weight":6 },
{ "model": "block/packed_mud2", "x": 180, "weight":6 },
{ "model": "block/packed_mud2", "x": 270, "weight":6 },
{ "model": "block/packed_mud3", "weight":6 },
{ "model": "block/packed_mud3", "y": 90, "weight":6 },
{ "model": "block/packed_mud3", "y": 180, "weight":6 },
{ "model": "block/packed_mud3", "y": 270, "weight":6 },
{ "model": "block/packed_mud3", "x": 90, "weight":6 },
{ "model": "block/packed_mud3", "x": 180, "weight":6 },
{ "model": "block/packed_mud3", "x": 270, "weight":6 },
{ "model": "block/packed_mud4", "weight":72 },
{ "model": "block/packed_mud4", "y": 90, "weight":72 },
{ "model": "block/packed_mud4", "y": 180, "weight":72 },
{ "model": "block/packed_mud4", "y": 270, "weight":72 },
{ "model": "block/packed_mud4", "x": 90, "weight":72 },
{ "model": "block/packed_mud4", "x": 180, "weight":72 },
{ "model": "block/packed_mud4", "x": 270, "weight":72 }

 ]   }
}
