{
    "variants": {
        "age=0": { "model": "block/potatoes_stage0" },
        "age=1": { "model": "block/potatoes_stage0" },
        "age=2": { "model": "block/potatoes_stage1" },
        "age=3": { "model": "block/potatoes_stage1" },
        "age=4": { "model": "block/potatoes_stage2" },
        "age=5": { "model": "block/potatoes_stage2" },
        "age=6": { "model": "block/potatoes_stage2" },
        "age=7": [ { "model": "block/potatoes_stage3", "weight": 2 }, 
		 { "model": "block/potatoes_stage3_1", "weight": 5 },
		 { "model": "block/potatoes_stage3_2", "weight": 5 },
		 { "model": "block/potatoes_stage3_3", "weight": 3 },
		 { "model": "block/potatoes_stage3_5", "weight": 3 },
		 { "model": "block/potatoes_stage3_6", "weight": 3 },
		 { "model": "block/potatoes_stage3_4", "weight": 3 } ]
    }
}