{
  "variants": {
    "": [
            { "model": "block/stone", "weight":5100 },
            { "model": "block/stone", "y": 180, "weight":5100 },
            { "model": "block/stone_mirrored", "weight":5100 },
			{ "model": "block/stone_mirrored", "y": 180, "weight":5100 },
            { "model": "block/stone1", "weight":1500 },
            { "model": "block/stone1", "y": 180, "weight":1500 },
            { "model": "block/stone1", "x": 180, "weight":1500 },
            { "model": "block/stone2", "weight":1500 },
            { "model": "block/stone2", "y": 180, "weight":1500 },
            { "model": "block/stone2", "x": 180, "weight":1500 },			
            { "model": "block/stone3", "weight":1500 },
            { "model": "block/stone3", "y": 180, "weight":1500 },
            { "model": "block/stone3", "x": 180, "weight":1500 },			
            { "model": "block/stone4", "weight":1100 },
            { "model": "block/stone4", "y": 180, "weight":1100 },
            { "model": "block/stone4", "x": 180, "weight":1100 },			
            { "model": "block/stone5", "weight":180 },
            { "model": "block/stone6", "weight":180 },
            { "model": "block/stone7", "weight":30 }
        ]
  }
}