{
    "variants": {
        "": [ { "model": "block/warped_planks", "weight":1 }
,{ "model": "block/warped_planks1", "weight":1 }
,{ "model": "block/warped_planks2", "weight":1 }
,{ "model": "block/warped_planks3", "weight":1 }
,{ "model": "block/warped_planks4", "weight":1 }
,{ "model": "block/warped_planks5", "weight":1 }
,{ "model": "block/warped_planks6", "weight":1 }
,{ "model": "block/warped_planks7", "weight":1 }
,{ "model": "block/warped_planks8", "weight":1 }
,{ "model": "block/warped_planks9", "weight":1 }
,{ "model": "block/warped_planks10", "weight":1 }
,{ "model": "block/warped_planks11", "weight":1 }
,{ "model": "block/warped_planks12", "weight":1 }

 ]   }
}
