{
	"type": "minecraft:tree",
	"config": {
		"ignore_vines": true,
		"force_dirt": false,
		"minimum_size": {
			"type": "minecraft:two_layers_feature_size"
		},
		"dirt_provider": {
			"type": "minecraft:simple_state_provider",
			"state": {
				"Name": "minecraft:amethyst_block"
			}
		},
		"trunk_provider": {
			"type": "minecraft:simple_state_provider",
			"state": {
				"Name": "minecraft:amethyst_block"
			}
		},
		"foliage_provider": {
			"type": "minecraft:simple_state_provider",
			"state": {
				"Name": "minecraft:amethyst_block"
			}
		},
		"trunk_placer": {
			"type": "minecraft:straight_trunk_placer",
			"base_height": 1,
			"height_rand_a": 0,
			"height_rand_b": 0
		},
		"foliage_placer": {
			"type": "minecraft:random_spread_foliage_placer",
			"radius": 1,
			"offset": 0,
			"foliage_height": {
				"type": "minecraft:biased_to_bottom",
				"value": {
					"min_inclusive": 3,
					"max_inclusive": 5
				}
			},
			"leaf_placement_attempts": 255
		},
		"decorators": [
			{
				"type": "minecraft:attached_to_leaves",
				"probability": 1,
				"exclusion_radius_xz": 0,
				"exclusion_radius_y": 0,
				"required_empty_blocks": 1,
				"block_provider": {
					"type": "minecraft:weighted_state_provider",
					"entries": [
						{
							"weight": 2,
							"data": {
								"Name": "minecraft:amethyst_cluster",
								"Properties": {
									"facing": "south",
									"waterlogged": "false"
								}
							}
						},
						{
							"weight": 2,
							"data": {
								"Name": "minecraft:large_amethyst_bud",
								"Properties": {
									"facing": "south",
									"waterlogged": "false"
								}
							}
						},
						{
							"weight": 1,
							"data": {
								"Name": "minecraft:medium_amethyst_bud",
								"Properties": {
									"facing": "south",
									"waterlogged": "false"
								}
							}
						}
					]
				},
				"directions": [
					"south"
				]
			},
			{
				"type": "minecraft:attached_to_leaves",
				"probability": 1,
				"exclusion_radius_xz": 0,
				"exclusion_radius_y": 0,
				"required_empty_blocks": 1,
				"block_provider": {
					"type": "minecraft:weighted_state_provider",
					"entries": [
						{
							"weight": 2,
							"data": {
								"Name": "minecraft:amethyst_cluster",
								"Properties": {
									"facing": "north",
									"waterlogged": "false"
								}
							}
						},
						{
							"weight": 2,
							"data": {
								"Name": "minecraft:large_amethyst_bud",
								"Properties": {
									"facing": "north",
									"waterlogged": "false"
								}
							}
						},
						{
							"weight": 1,
							"data": {
								"Name": "minecraft:medium_amethyst_bud",
								"Properties": {
									"facing": "north",
									"waterlogged": "false"
								}
							}
						}
					]
				},
				"directions": [
					"north"
				]
			},
			{
				"type": "minecraft:attached_to_leaves",
				"probability": 1,
				"exclusion_radius_xz": 0,
				"exclusion_radius_y": 0,
				"required_empty_blocks": 1,
				"block_provider": {
					"type": "minecraft:weighted_state_provider",
					"entries": [
						{
							"weight": 2,
							"data": {
								"Name": "minecraft:amethyst_cluster",
								"Properties": {
									"facing": "east",
									"waterlogged": "false"
								}
							}
						},
						{
							"weight": 2,
							"data": {
								"Name": "minecraft:large_amethyst_bud",
								"Properties": {
									"facing": "east",
									"waterlogged": "false"
								}
							}
						},
						{
							"weight": 1,
							"data": {
								"Name": "minecraft:medium_amethyst_bud",
								"Properties": {
									"facing": "east",
									"waterlogged": "false"
								}
							}
						}
					]
				},
				"directions": [
					"east"
				]
			},
			{
				"type": "minecraft:attached_to_leaves",
				"probability": 1,
				"exclusion_radius_xz": 0,
				"exclusion_radius_y": 0,
				"required_empty_blocks": 1,
				"block_provider": {
					"type": "minecraft:weighted_state_provider",
					"entries": [
						{
							"weight": 2,
							"data": {
								"Name": "minecraft:amethyst_cluster",
								"Properties": {
									"facing": "west",
									"waterlogged": "false"
								}
							}
						},
						{
							"weight": 2,
							"data": {
								"Name": "minecraft:large_amethyst_bud",
								"Properties": {
									"facing": "west",
									"waterlogged": "false"
								}
							}
						},
						{
							"weight": 1,
							"data": {
								"Name": "minecraft:medium_amethyst_bud",
								"Properties": {
									"facing": "west",
									"waterlogged": "false"
								}
							}
						}
					]
				},
				"directions": [
					"west"
				]
			},
			{
				"type": "minecraft:attached_to_leaves",
				"probability": 1,
				"exclusion_radius_xz": 0,
				"exclusion_radius_y": 0,
				"required_empty_blocks": 1,
				"block_provider": {
					"type": "minecraft:simple_state_provider",
					"state": {
						"Name": "minecraft:large_amethyst_bud",
						"Properties": {
							"facing": "up",
							"waterlogged": "false"
						}
					}
				},
				"directions": [
					"up"
				]
			}
		]
	}
}
