{
    "texture": {
        "width": 64,
        "height": 32
    },
    "bones": {
        "head": {
            "transform": {},
            "cuboids": [
                {
                    "uv": [
                        0.0,
                        0.0
                    ],
                    "offset": [
                        -4.0,
                        -8.0,
                        -4.0
                    ],
                    "dimensions": [
                        8.0,
                        8.0,
                        8.0
                    ]
                }
            ]
        },
        "right_arm": {
            "transform": {
                "origin": [
                    -5.0,
                    2.0,
                    0.0
                ]
            },
            "cuboids": [
                {
                    "uv": [
                        40.0,
                        16.0
                    ],
                    "offset": [
                        -1.0,
                        -2.0,
                        -1.0
                    ],
                    "dimensions": [
                        2.0,
                        12.0,
                        2.0
                    ]
                }
            ]
        },
        "left_leg": {
            "transform": {
                "origin": [
                    2.0,
                    12.0,
                    0.0
                ]
            },
            "cuboids": [
                {
                    "mirror": true,
                    "uv": [
                        0.0,
                        16.0
                    ],
                    "offset": [
                        -1.0,
                        0.0,
                        -1.0
                    ],
                    "dimensions": [
                        2.0,
                        12.0,
                        2.0
                    ]
                }
            ]
        },
        "left_arm": {
            "transform": {
                "origin": [
                    5.0,
                    2.0,
                    0.0
                ]
            },
            "cuboids": [
                {
                    "mirror": true,
                    "uv": [
                        40.0,
                        16.0
                    ],
                    "offset": [
                        -1.0,
                        -2.0,
                        -1.0
                    ],
                    "dimensions": [
                        2.0,
                        12.0,
                        2.0
                    ]
                }
            ]
        },
        "right_leg": {
            "transform": {
                "origin": [
                    -2.0,
                    12.0,
                    0.0
                ]
            },
            "cuboids": [
                {
                    "uv": [
                        0.0,
                        16.0
                    ],
                    "offset": [
                        -1.0,
                        0.0,
                        -1.0
                    ],
                    "dimensions": [
                        2.0,
                        12.0,
                        2.0
                    ]
                }
            ]
        },
        "hat": {
            "transform": {},
            "cuboids": [
                {
                    "uv": [
                        32.0,
                        0.0
                    ],
                    "offset": [
                        -4.0,
                        -8.0,
                        -4.0
                    ],
                    "dimensions": [
                        8.0,
                        8.0,
                        8.0
                    ],
                    "dilation": [
                        0.5,
                        0.5,
                        0.5
                    ]
                }
            ]
        },
        "body": {
            "transform": {},
            "cuboids": [
                {
                    "uv": [
                        16.0,
                        16.0
                    ],
                    "offset": [
                        -4.0,
                        0.0,
                        -2.0
                    ],
                    "dimensions": [
                        8.0,
                        12.0,
                        4.0
                    ]
                }
            ]
        }
    }
}