{
    "texture": {
        "width": 128,
        "height": 128
    },
    "bones": {
        "head": {
            "cuboids": [
                {
                    "name": "plume",
                    "offset": [
                        0,
                        -15,
                        4
                    ],
                    "dimensions": [
                        0,
                        8,
                        10
                    ],
                    "uv": [
                        40,
                        46
                    ]
                },
                {
                    "name": "kettle_helm",
                    "offset": [
                        -7,
                        -5.200000000000003,
                        -7
                    ],
                    "dimensions": [
                        14,
                        1,
                        14
                    ],
                    "uv": [
                        72,
                        64
                    ]
                },
                {
                    "name": "coif",
                    "offset": [
                        -4,
                        -8,
                        -4
                    ],
                    "dimensions": [
                        8,
                        8,
                        8
                    ],
                    "uv": [
                        0,
                        89
                    ],
                    "dilation": [
                        0.55,
                        0.55,
                        0.55
                    ]
                },
                {
                    "name": "helmet",
                    "offset": [
                        -4,
                        -8,
                        -4
                    ],
                    "dimensions": [
                        8,
                        8,
                        8
                    ],
                    "uv": [
                        32,
                        0
                    ],
                    "dilation": [
                        0.6,
                        0.6,
                        0.6
                    ]
                }
            ],
            "children": {
                "armet_helm": {
                    "cuboids": [
                        {
                            "name": "rim_bottom",
                            "offset": [
                                -1,
                                -8,
                                4
                            ],
                            "dimensions": [
                                2,
                                8,
                                2
                            ],
                            "uv": [
                                104,
                                0
                            ]
                        },
                        {
                            "name": "rim_top",
                            "offset": [
                                -1,
                                -10,
                                -2
                            ],
                            "dimensions": [
                                2,
                                2,
                                8
                            ],
                            "uv": [
                                104,
                                2
                            ]
                        }
                    ],
                    "children": {
                        "armet2": {
                            "transform": {
                                "rotation": [
                                    -0.1308996938995747,
                                    0,
                                    0
                                ]
                            },
                            "cuboids": [
                                {
                                    "name": "armet_2",
                                    "offset": [
                                        -4.5,
                                        -6.399999999999995,
                                        -5.4
                                    ],
                                    "dimensions": [
                                        9,
                                        5,
                                        3.0000000000000004
                                    ],
                                    "uv": [
                                        80,
                                        0
                                    ]
                                }
                            ],
                            "children": {}
                        },
                        "armet": {
                            "transform": {
                                "rotation": [
                                    0.4363323129985824,
                                    0,
                                    0
                                ]
                            },
                            "cuboids": [
                                {
                                    "name": "armet_1",
                                    "offset": [
                                        -4.5,
                                        -4.399999999999995,
                                        -4.5
                                    ],
                                    "dimensions": [
                                        9,
                                        3,
                                        3
                                    ],
                                    "uv": [
                                        56,
                                        0
                                    ]
                                }
                            ],
                            "children": {}
                        }
                    }
                },
                "houndskul": {
                    "cuboids": [
                        {
                            "name": "eyeslit_1",
                            "offset": [
                                0.5,
                                -3.1000000000000014,
                                -6
                            ],
                            "dimensions": [
                                3,
                                1,
                                1
                            ],
                            "uv": [
                                100,
                                25
                            ]
                        },
                        {
                            "name": "eyeslit_2",
                            "offset": [
                                -3.5,
                                -3.1000000000000014,
                                -6
                            ],
                            "dimensions": [
                                3,
                                1,
                                1
                            ],
                            "uv": [
                                100,
                                25
                            ]
                        }
                    ],
                    "children": {
                        "bone": {
                            "transform": {
                                "rotation": [
                                    -0.1308996938995747,
                                    0,
                                    0
                                ]
                            },
                            "cuboids": [
                                {
                                    "name": "houndskul_1",
                                    "offset": [
                                        -4.5,
                                        -6.399999999999995,
                                        -5.4
                                    ],
                                    "dimensions": [
                                        9,
                                        5,
                                        3.0000000000000004
                                    ],
                                    "uv": [
                                        104,
                                        17
                                    ]
                                }
                            ],
                            "children": {}
                        },
                        "bone2": {
                            "transform": {
                                "rotation": [
                                    0.1308996938995747,
                                    0,
                                    0
                                ]
                            },
                            "cuboids": [
                                {
                                    "name": "houndskul_2",
                                    "offset": [
                                        -4.5,
                                        -2.7999999999999936,
                                        -4.85
                                    ],
                                    "dimensions": [
                                        9,
                                        3,
                                        0.9999999999999996
                                    ],
                                    "uv": [
                                        108,
                                        25
                                    ]
                                }
                            ],
                            "children": {}
                        },
                        "bone3": {
                            "transform": {
                                "rotation": [
                                    0.7853981633974483,
                                    0,
                                    0
                                ]
                            },
                            "cuboids": [
                                {
                                    "name": "cone_1",
                                    "offset": [
                                        0,
                                        -6.5,
                                        -4.75
                                    ],
                                    "dimensions": [
                                        0,
                                        4,
                                        5
                                    ],
                                    "uv": [
                                        118,
                                        24
                                    ]
                                }
                            ],
                            "children": {}
                        },
                        "bone4": {
                            "transform": {
                                "rotation": [
                                    0,
                                    -0.7853981633974483,
                                    0
                                ]
                            },
                            "cuboids": [
                                {
                                    "name": "cone_2",
                                    "offset": [
                                        -5.600000000000001,
                                        -1.2300000000000004,
                                        -5.6
                                    ],
                                    "dimensions": [
                                        5.000000000000002,
                                        0,
                                        5
                                    ],
                                    "uv": [
                                        103,
                                        29
                                    ]
                                }
                            ],
                            "children": {}
                        }
                    }
                },
                "barbute": {
                    "cuboids": [],
                    "children": {
                        "bone5": {
                            "transform": {
                                "rotation": [
                                    0,
                                    0.2617993877991494,
                                    0
                                ]
                            },
                            "cuboids": [
                                {
                                    "name": "barbute_1",
                                    "offset": [
                                        -3.3899999999999997,
                                        -7.499999999999993,
                                        -6
                                    ],
                                    "dimensions": [
                                        5,
                                        8,
                                        2
                                    ],
                                    "uv": [
                                        100,
                                        34
                                    ]
                                }
                            ],
                            "children": {}
                        },
                        "bone6": {
                            "transform": {
                                "rotation": [
                                    0,
                                    -0.2617993877991494,
                                    0
                                ]
                            },
                            "cuboids": [
                                {
                                    "name": "barbute_2",
                                    "offset": [
                                        -1.6099999999999999,
                                        -7.499999999999993,
                                        -6
                                    ],
                                    "dimensions": [
                                        5,
                                        8,
                                        2
                                    ],
                                    "uv": [
                                        114,
                                        34
                                    ]
                                }
                            ],
                            "children": {}
                        },
                        "bone7": {
                            "transform": {
                                "rotation": [
                                    0,
                                    -0.7853981633974483,
                                    0
                                ]
                            },
                            "cuboids": [
                                {
                                    "name": "barbute_3",
                                    "offset": [
                                        -4.950000000000001,
                                        -3.499999999999993,
                                        -4.950000000000001
                                    ],
                                    "dimensions": [
                                        2.0000000000000013,
                                        4,
                                        2.0000000000000013
                                    ],
                                    "uv": [
                                        120,
                                        46
                                    ]
                                }
                            ],
                            "children": {}
                        }
                    }
                },
                "sallet": {
                    "cuboids": [
                        {
                            "name": "sallet_3",
                            "offset": [
                                -5,
                                -1.9000000000000021,
                                -4
                            ],
                            "dimensions": [
                                10,
                                2,
                                11
                            ],
                            "uv": [
                                86,
                                51
                            ]
                        }
                    ],
                    "children": {
                        "bone8": {
                            "transform": {
                                "rotation": [
                                    -0.1308996938995747,
                                    0,
                                    0
                                ]
                            },
                            "cuboids": [
                                {
                                    "name": "sallet_1",
                                    "offset": [
                                        -4.5,
                                        -6.399999999999995,
                                        -5.4
                                    ],
                                    "dimensions": [
                                        9,
                                        5,
                                        3.0000000000000004
                                    ],
                                    "uv": [
                                        73,
                                        54
                                    ]
                                }
                            ],
                            "children": {}
                        },
                        "bone9": {
                            "transform": {
                                "rotation": [
                                    -0.1308996938995747,
                                    0,
                                    0
                                ]
                            },
                            "cuboids": [
                                {
                                    "name": "sallet_2",
                                    "offset": [
                                        -5,
                                        -1.399999999999995,
                                        -5.9
                                    ],
                                    "dimensions": [
                                        10,
                                        2,
                                        2
                                    ],
                                    "uv": [
                                        98,
                                        44
                                    ]
                                }
                            ],
                            "children": {}
                        }
                    }
                },
                "frogmouth": {
                    "transform": {
                        "origin": [
                            0,
                            0,
                            1
                        ],
                        "rotation": [
                            0.5235987755982988,
                            0,
                            0
                        ]
                    },
                    "cuboids": [],
                    "children": {
                        "bone10": {
                            "transform": {
                                "origin": [
                                    1,
                                    0,
                                    0
                                ],
                                "rotation": [
                                    0,
                                    -0.7853981633974483,
                                    0
                                ]
                            },
                            "cuboids": [
                                {
                                    "name": "frogmouth",
                                    "offset": [
                                        -5.75,
                                        -8.549999999999997,
                                        -4.3
                                    ],
                                    "dimensions": [
                                        8,
                                        6.9999999999999964,
                                        8
                                    ],
                                    "uv": [
                                        65,
                                        39
                                    ]
                                }
                            ],
                            "children": {}
                        }
                    }
                },
                "nasal": {
                    "transform": {
                        "origin": [
                            0,
                            -24,
                            0
                        ]
                    },
                    "cuboids": [
                        {
                            "name": "nasal_1",
                            "offset": [
                                -5,
                                19,
                                -5
                            ],
                            "dimensions": [
                                10,
                                1,
                                10
                            ],
                            "uv": [
                                0,
                                64
                            ]
                        },
                        {
                            "name": "nasal_2",
                            "offset": [
                                -1,
                                15,
                                -5
                            ],
                            "dimensions": [
                                2,
                                4,
                                10
                            ],
                            "uv": [
                                14,
                                75
                            ]
                        },
                        {
                            "name": "nasal_3",
                            "offset": [
                                -5,
                                15,
                                -1
                            ],
                            "dimensions": [
                                10,
                                4,
                                2
                            ],
                            "uv": [
                                0,
                                75
                            ]
                        },
                        {
                            "name": "nasal_4",
                            "offset": [
                                -1,
                                14,
                                -1
                            ],
                            "dimensions": [
                                2,
                                1,
                                2
                            ],
                            "uv": [
                                12,
                                81
                            ]
                        },
                        {
                            "name": "nose_guard",
                            "offset": [
                                -1,
                                20,
                                -5
                            ],
                            "dimensions": [
                                2,
                                4,
                                0
                            ],
                            "uv": [
                                20,
                                81
                            ]
                        }
                    ],
                    "children": {}
                }
            }
        },
        "right_arm": {
            "transform": {
                "origin": [
                    -5,
                    2,
                    0
                ]
            },
            "cuboids": [
                {
                    "name": "right_sleeve",
                    "offset": [
                        -3,
                        -2,
                        -2
                    ],
                    "dimensions": [
                        4,
                        12,
                        4
                    ],
                    "uv": [
                        24,
                        105
                    ],
                    "dilation": [
                        0.33,
                        0.33,
                        0.33
                    ]
                },
                {
                    "name": "right_pauldron",
                    "offset": [
                        -3,
                        -2,
                        -2
                    ],
                    "dimensions": [
                        4,
                        6,
                        4
                    ],
                    "uv": [
                        64,
                        15
                    ],
                    "dilation": [
                        0.45,
                        0.45,
                        0.45
                    ]
                },
                {
                    "name": "right_rerebrace",
                    "offset": [
                        -3,
                        -2,
                        -2
                    ],
                    "dimensions": [
                        4,
                        12,
                        4
                    ],
                    "uv": [
                        48,
                        16
                    ],
                    "dilation": [
                        0.35,
                        0.35,
                        0.35
                    ]
                }
            ],
            "children": {
                "bone15": {
                    "transform": {
                        "rotation": [
                            -0.7853981633974483,
                            0,
                            0
                        ]
                    },
                    "cuboids": [
                        {
                            "name": "right_couter",
                            "offset": [
                                -3.5,
                                0.10000000000000142,
                                3.5
                            ],
                            "dimensions": [
                                5,
                                2,
                                2
                            ],
                            "uv": [
                                48,
                                32
                            ]
                        }
                    ],
                    "children": {}
                },
                "bone16": {
                    "transform": {
                        "rotation": [
                            0,
                            0.3490658503988659,
                            0
                        ]
                    },
                    "cuboids": [
                        {
                            "name": "right_besagew",
                            "offset": [
                                0,
                                0,
                                -4.299999999999999
                            ],
                            "dimensions": [
                                3,
                                3,
                                1.9999999999999987
                            ],
                            "uv": [
                                116,
                                12
                            ]
                        }
                    ],
                    "children": {}
                },
                "bone17": {
                    "transform": {
                        "rotation": [
                            0,
                            0,
                            -0.2617993877991494
                        ]
                    },
                    "cuboids": [
                        {
                            "name": "right_plate_rim",
                            "offset": [
                                0,
                                -5,
                                -3.5
                            ],
                            "dimensions": [
                                0,
                                4,
                                7
                            ],
                            "uv": [
                                64,
                                18
                            ]
                        }
                    ],
                    "children": {}
                }
            }
        },
        "left_leg": {
            "transform": {
                "origin": [
                    1.9,
                    12,
                    0
                ]
            },
            "cuboids": [
                {
                    "name": "left_skirt",
                    "offset": [
                        -2,
                        -0.7999999999999989,
                        -2
                    ],
                    "dimensions": [
                        4,
                        4.999999999999998,
                        4
                    ],
                    "uv": [
                        40,
                        105
                    ],
                    "mirror": true,
                    "dilation": [
                        0.4,
                        0.4,
                        0.4
                    ]
                },
                {
                    "name": "left_inner_boot",
                    "offset": [
                        -2,
                        6,
                        -2
                    ],
                    "dimensions": [
                        4,
                        6,
                        4
                    ],
                    "uv": [
                        40,
                        114
                    ],
                    "mirror": true,
                    "dilation": [
                        0.35,
                        0.35,
                        0.35
                    ]
                },
                {
                    "name": "left_chausses",
                    "offset": [
                        -2,
                        0,
                        -2
                    ],
                    "dimensions": [
                        4,
                        12,
                        4
                    ],
                    "uv": [
                        0,
                        41
                    ],
                    "dilation": [
                        0.36,
                        0.36,
                        0.36
                    ]
                },
                {
                    "name": "left_greaves",
                    "offset": [
                        -2,
                        8,
                        -2
                    ],
                    "dimensions": [
                        4,
                        4,
                        4
                    ],
                    "uv": [
                        12,
                        56
                    ],
                    "dilation": [
                        0.45,
                        0.45,
                        0.45
                    ]
                }
            ],
            "children": {
                "bone23": {
                    "transform": {
                        "rotation": [
                            -0.7853981633974483,
                            0,
                            0
                        ]
                    },
                    "cuboids": [
                        {
                            "name": "left_poleyn",
                            "offset": [
                                -2.4,
                                4.450000000000003,
                                1.15
                            ],
                            "dimensions": [
                                5,
                                2,
                                2
                            ],
                            "uv": [
                                16,
                                49
                            ]
                        }
                    ],
                    "children": {}
                },
                "bone24": {
                    "transform": {
                        "rotation": [
                            0,
                            -0.7853981633974483,
                            0
                        ]
                    },
                    "cuboids": [
                        {
                            "name": "left_sabaton",
                            "offset": [
                                -3.15,
                                11.25,
                                -3.25
                            ],
                            "dimensions": [
                                3,
                                1,
                                3
                            ],
                            "uv": [
                                28,
                                60
                            ]
                        }
                    ],
                    "children": {}
                }
            }
        },
        "left_arm": {
            "transform": {
                "origin": [
                    5,
                    2,
                    0
                ]
            },
            "cuboids": [
                {
                    "name": "left_sleeve",
                    "offset": [
                        -1,
                        -2,
                        -2
                    ],
                    "dimensions": [
                        4,
                        12,
                        4
                    ],
                    "uv": [
                        24,
                        105
                    ],
                    "mirror": true,
                    "dilation": [
                        0.33,
                        0.33,
                        0.33
                    ]
                },
                {
                    "name": "left_rerebrace",
                    "offset": [
                        -1,
                        -2,
                        -2
                    ],
                    "dimensions": [
                        4,
                        12,
                        4
                    ],
                    "uv": [
                        48,
                        16
                    ],
                    "mirror": true,
                    "dilation": [
                        0.35,
                        0.35,
                        0.35
                    ]
                },
                {
                    "name": "left_pauldron",
                    "offset": [
                        -1,
                        -2,
                        -2
                    ],
                    "dimensions": [
                        4,
                        6,
                        4
                    ],
                    "uv": [
                        64,
                        15
                    ],
                    "mirror": true,
                    "dilation": [
                        0.45,
                        0.45,
                        0.45
                    ]
                }
            ],
            "children": {
                "bone18": {
                    "transform": {
                        "rotation": [
                            -0.7853981633974483,
                            0,
                            0
                        ]
                    },
                    "cuboids": [
                        {
                            "name": "left_couter",
                            "offset": [
                                -1.5,
                                0.10000000000000142,
                                3.5
                            ],
                            "dimensions": [
                                5,
                                2,
                                2
                            ],
                            "uv": [
                                48,
                                32
                            ]
                        }
                    ],
                    "children": {}
                },
                "bone19": {
                    "transform": {
                        "rotation": [
                            0,
                            -0.3490658503988659,
                            0
                        ]
                    },
                    "cuboids": [
                        {
                            "name": "left_besagew",
                            "offset": [
                                -3,
                                0,
                                -4.299999999999999
                            ],
                            "dimensions": [
                                3,
                                3,
                                1.9999999999999987
                            ],
                            "uv": [
                                116,
                                12
                            ]
                        }
                    ],
                    "children": {}
                },
                "bone20": {
                    "transform": {
                        "rotation": [
                            0,
                            0,
                            0.2617993877991494
                        ]
                    },
                    "cuboids": [
                        {
                            "name": "left_plate_rim",
                            "offset": [
                                0,
                                -5,
                                -3.5
                            ],
                            "dimensions": [
                                0,
                                4,
                                7
                            ],
                            "uv": [
                                64,
                                18
                            ]
                        }
                    ],
                    "children": {}
                }
            }
        },
        "right_leg": {
            "transform": {
                "origin": [
                    -1.9,
                    12,
                    0
                ]
            },
            "cuboids": [
                {
                    "name": "right_skirt",
                    "offset": [
                        -2,
                        -0.8000000000000007,
                        -2
                    ],
                    "dimensions": [
                        4,
                        5,
                        4
                    ],
                    "uv": [
                        40,
                        105
                    ],
                    "dilation": [
                        0.4,
                        0.4,
                        0.4
                    ]
                },
                {
                    "name": "right_inner_boot",
                    "offset": [
                        -2,
                        6,
                        -2
                    ],
                    "dimensions": [
                        4,
                        6,
                        4
                    ],
                    "uv": [
                        40,
                        114
                    ],
                    "dilation": [
                        0.35,
                        0.35,
                        0.35
                    ]
                },
                {
                    "name": "right_greaves",
                    "offset": [
                        -2,
                        8,
                        -2
                    ],
                    "dimensions": [
                        4,
                        4,
                        4
                    ],
                    "uv": [
                        12,
                        56
                    ],
                    "dilation": [
                        0.45,
                        0.45,
                        0.45
                    ]
                },
                {
                    "name": "right_chausses",
                    "offset": [
                        -2,
                        0,
                        -2
                    ],
                    "dimensions": [
                        4,
                        12,
                        4
                    ],
                    "uv": [
                        0,
                        41
                    ],
                    "mirror": true,
                    "dilation": [
                        0.36,
                        0.36,
                        0.36
                    ]
                }
            ],
            "children": {
                "bone21": {
                    "transform": {
                        "origin": [
                            -0.10000000000000009,
                            0,
                            0
                        ],
                        "rotation": [
                            0,
                            -0.7853981633974483,
                            0
                        ]
                    },
                    "cuboids": [
                        {
                            "name": "right_sabaton",
                            "offset": [
                                -3.25,
                                11.25,
                                -3.25
                            ],
                            "dimensions": [
                                3,
                                1,
                                3
                            ],
                            "uv": [
                                28,
                                60
                            ]
                        }
                    ],
                    "children": {}
                },
                "bone22": {
                    "transform": {
                        "origin": [
                            -0.10000000000000009,
                            0,
                            0
                        ],
                        "rotation": [
                            -0.7853981633974483,
                            0,
                            0
                        ]
                    },
                    "cuboids": [
                        {
                            "name": "right_poleyn",
                            "offset": [
                                -2.5,
                                4.450000000000003,
                                1.15
                            ],
                            "dimensions": [
                                5,
                                2,
                                2
                            ],
                            "uv": [
                                16,
                                49
                            ],
                            "mirror": true
                        }
                    ],
                    "children": {}
                }
            }
        },
        "hat": {
            "cuboids": [],
            "children": {}
        },
        "body": {
            "cuboids": [
                {
                    "name": "hauberk",
                    "offset": [
                        -4,
                        0,
                        -2
                    ],
                    "dimensions": [
                        8,
                        12,
                        4
                    ],
                    "uv": [
                        0,
                        105
                    ],
                    "dilation": [
                        0.35,
                        0.35,
                        0.35
                    ]
                },
                {
                    "name": "aventail",
                    "offset": [
                        -5,
                        0,
                        -3.4999999999999996
                    ],
                    "dimensions": [
                        10,
                        4,
                        6
                    ],
                    "uv": [
                        93,
                        79
                    ],
                    "dilation": [
                        0.6,
                        0.6,
                        0.6
                    ]
                },
                {
                    "name": "chestpiece",
                    "offset": [
                        -4,
                        1,
                        -2
                    ],
                    "dimensions": [
                        8,
                        10,
                        4
                    ],
                    "uv": [
                        0,
                        16
                    ],
                    "dilation": [
                        0.41,
                        0.41,
                        0.41
                    ]
                },
                {
                    "name": "tasset",
                    "offset": [
                        0.5,
                        11.499999999999995,
                        -3.3999999999999995
                    ],
                    "dimensions": [
                        4,
                        4.000000000000002,
                        4
                    ],
                    "uv": [
                        16,
                        41
                    ],
                    "mirror": true,
                    "dilation": [
                        0.1,
                        0.1,
                        0.1
                    ]
                },
                {
                    "name": "tasset",
                    "offset": [
                        -4.5,
                        11.499999999999995,
                        -3.3999999999999995
                    ],
                    "dimensions": [
                        4,
                        4.000000000000002,
                        4
                    ],
                    "uv": [
                        16,
                        41
                    ],
                    "dilation": [
                        0.1,
                        0.1,
                        0.1
                    ]
                }
            ],
            "children": {
                "bone11": {
                    "transform": {
                        "origin": [
                            0,
                            4,
                            0
                        ],
                        "rotation": [
                            -0.4363323129985824,
                            0,
                            0
                        ]
                    },
                    "cuboids": [
                        {
                            "name": "frontfauld",
                            "offset": [
                                -4.5,
                                5.199999999999996,
                                -0.09999999999999973
                            ],
                            "dimensions": [
                                9,
                                3,
                                4
                            ],
                            "uv": [
                                0,
                                32
                            ]
                        }
                    ],
                    "children": {}
                },
                "bone12": {
                    "transform": {
                        "origin": [
                            0,
                            4,
                            0
                        ],
                        "rotation": [
                            0.4363323129985824,
                            0,
                            0
                        ]
                    },
                    "cuboids": [
                        {
                            "name": "backfauld",
                            "offset": [
                                -4.5,
                                5.199999999999996,
                                -3.8499999999999996
                            ],
                            "dimensions": [
                                9,
                                3,
                                4
                            ],
                            "uv": [
                                26,
                                32
                            ]
                        }
                    ],
                    "children": {}
                },
                "bone13": {
                    "transform": {
                        "origin": [
                            0,
                            4.1,
                            -1.2000000000000002
                        ],
                        "rotation": [
                            -0.2617993877991494,
                            0,
                            0
                        ]
                    },
                    "cuboids": [
                        {
                            "name": "breastplate_1",
                            "offset": [
                                -4.5,
                                -4,
                                -2.65
                            ],
                            "dimensions": [
                                9,
                                5,
                                3
                            ],
                            "uv": [
                                24,
                                16
                            ]
                        }
                    ],
                    "children": {}
                },
                "bone14": {
                    "transform": {
                        "origin": [
                            0,
                            4,
                            1
                        ],
                        "rotation": [
                            0.30543261909900765,
                            0,
                            0
                        ]
                    },
                    "cuboids": [
                        {
                            "name": "breastplate_2",
                            "offset": [
                                -4.5,
                                -1.2000000000000028,
                                -4.9
                            ],
                            "dimensions": [
                                9,
                                5,
                                3.0000000000000004
                            ],
                            "uv": [
                                24,
                                24
                            ]
                        }
                    ],
                    "children": {}
                }
            }
        }
    }
}