{
    "variants": {
        "": [ { "model": "block/glowstone", "weight":1 },
{ "model": "block/glowstone", "y": 90, "weight":1 },
{ "model": "block/glowstone", "y": 180, "weight":1 },
{ "model": "block/glowstone", "y": 270, "weight":1 },
{ "model": "block/glowstone1", "weight":1},
{ "model": "block/glowstone1", "y": 90, "weight":1 },
{ "model": "block/glowstone1", "y": 180, "weight":1 },
{ "model": "block/glowstone1", "y": 270, "weight":1 },
{ "model": "block/glowstone2", "weight":1 },
{ "model": "block/glowstone2", "y": 90, "weight":1 },
{ "model": "block/glowstone2", "y": 180, "weight":1 },
{ "model": "block/glowstone2", "y": 270, "weight":1 }

 ]   }
}